amount0,amount1,amountUSD,id,liquidity,logIndex,needsComplete,sender,timestamp,to,token0_symbol,token1_symbol,transaction_id
7.570767276621724,0.010648410851060486,3.991822187417789,0x7157f03a1f028e8974394cc4f4bf574c70e5b40f906021eb8f18e703dcb5260b-0,0.0001422537142850918,526,True,0x438664ebf3d60dbd8ae69c4abe2a478adff0c1e8,2025-05-10 20:11:23,0x3be0b0d2ea6f9dbc06d7f589bfac5adb182b8876,PEPE832,WETH,0x7157f03a1f028e8974394cc4f4bf574c70e5b40f906021eb8f18e703dcb5260b
0.6933379377812939,18.42065295281073,7.817711979635486,0x35406838ea339132d33c1905ec0f7806e478e0c2f7f38755a6ba3d120c08153b-0,9.210440366976517,220,True,0x06b48349e66cd961615d7dbaab62f4685eb2609b,2025-05-10 20:06:47,0xf448c80c9e92cc114bede5562f9a09beda5b0357,WETH,PEPE832,0x35406838ea339132d33c1905ec0f7806e478e0c2f7f38755a6ba3d120c08153b
6.283314008814934,0.015668775205788136,3.7003773358751832,0xda74e3f0c8e954d313cd5d05715839790684a374d1c1c835ecb2fa19af5eaf52-0,6.216999999998067e-13,323,True,0x097eacdeeb96e9308916bcac382b26d81447d965,2025-05-10 20:03:23,0xbcf9c3e618702ab4a0d2055687c37a2846019c56,RLB,WETH,0xda74e3f0c8e954d313cd5d05715839790684a374d1c1c835ecb2fa19af5eaf52
10.350108200960731,0.010249965055805008,3.956079487354267,0xef7e6117bb5cc650ba48898c7db6edf978d4f6fd38ebf10d6d40825c60afa47a-0,0.0005630150561677329,248,True,0xd9b3b5cfba13ed8ae3edd7ae2e0fe534f2845f0a,2025-05-10 19:36:23,0xb5a3639385ce798d61c0092e1717963a3c5cc037,PPEPE,WETH,0xef7e6117bb5cc650ba48898c7db6edf978d4f6fd38ebf10d6d40825c60afa47a
0.01705773012706319,7.789699800144364,4.461306644198045,0x28ae1ab9bb95db51bfc8c263aabef135016e5810d136c27719bdf7b66aebfe55-0,0.00020120747572225953,506,True,0x438664ebf3d60dbd8ae69c4abe2a478adff0c1e8,2025-05-10 19:30:23,0xdd3b1d9a6e38a203a408cc33b6e46febb7f752e7,WETH,BOM,0x28ae1ab9bb95db51bfc8c263aabef135016e5810d136c27719bdf7b66aebfe55
0.5694704023313576,25.016250755395877,7.554399141487146,0x1e1dec47316b7e400728867adbaa52a3a6fcf4715090712881a761564c7a18f3-0,2.138101266532066,795,True,0xa3bbc49fa3234e6493c2bc1a14c2c5f644135223,2025-05-10 19:25:11,0xa37254e1cfeed15d0415760c1d9f93de0e6ca9f2,WETH,BIBO,0x1e1dec47316b7e400728867adbaa52a3a6fcf4715090712881a761564c7a18f3
18.420680753952364,0.6932502693507689,7.819343309174514,0x1174ba9417f6ccdf15fc01421ee8c304f9f771914665b50a575c36ce52fe09ae-0,9.210440366976517,71,True,0x06b48349e66cd961615d7dbaab62f4685eb2609b,2025-05-10 19:15:23,0x4049583db182222176243f730cb3b48ae51044e7,CATO,WETH,0x1174ba9417f6ccdf15fc01421ee8c304f9f771914665b50a575c36ce52fe09ae
0.04915200411682921,5.022380931967952,5.527709607224632,0x0f82847db566f2df92049682a7088ad700208d4f760fb8694c7b7a425d44836e-0,1.0502034327063654,149,True,0x7efbb184d84e06c27e01d8f41d8f05387ac714f3,2025-05-10 19:14:11,0x4de8c60541fdadd33404ccb2c8b83907ce617341,WETH,RAI,0x0f82847db566f2df92049682a7088ad700208d4f760fb8694c7b7a425d44836e
28.015947223974894,0.6271115415952436,8.37999097397598,0x3fc09eefefcdaa7fbcd61de55f774b035095116dd4d2cff03338ba2e2099aadc-0,3.4981878575987673,28,True,0xf5b9d00f6184954d6e725215d9cab5f5698e8bb3,2025-05-10 19:06:23,0x564f8ce91bb85da83e8a5c34e7b1905d3d4a252a,MACI,WETH,0x3fc09eefefcdaa7fbcd61de55f774b035095116dd4d2cff03338ba2e2099aadc
0.009529118008270313,8.92943827051728,3.88824416078679,0x38c65d154ec42c24e7985ca92d24c3677f70677c6422f2e753c29c73cc44ba4f-0,0.000267614363697748,299,True,0xd9b3b5cfba13ed8ae3edd7ae2e0fe534f2845f0a,2025-05-10 18:54:47,0xdd3b1d9a6e38a203a408cc33b6e46febb7f752e7,WETH,BOM,0x38c65d154ec42c24e7985ca92d24c3677f70677c6422f2e753c29c73cc44ba4f
16.60786931419113,1.9530941517302638,10.522254242939344,0x25fd2d324cd4a13d7b6333d191ce50af9475beb844d25178f64f973cecfb944c-0,9.098880393468418,8,True,0x82f5263f3ce327baf2ea60fb7eda1ed455899bd8,2025-05-10 18:47:11,0x7439805594ee7acf4b9dff43886b5e85e463061c,TOADO,WETH,0x25fd2d324cd4a13d7b6333d191ce50af9475beb844d25178f64f973cecfb944c
26.562998538171808,0.06352303926631048,5.784165569935793,0xfd16374f26789e3a668457c9beaf34d83b1e775a27148ca42e3c0308f5c5a341-0,11.776979788648925,581,True,0x282e0b3aca75f8e5cf78cbe6a333500cd5494c09,2025-05-10 18:30:23,0xe2e0880461b585b079c74629c65e5b63adc894b7,MASK,WETH,0xfd16374f26789e3a668457c9beaf34d83b1e775a27148ca42e3c0308f5c5a341
2.367813038153375,13.154085887204992,10.777921216812256,0xb4a22dba2f749bd0f357d5513eb978302ccb53968bc0687c87518ed4c1489fae-0,7.581850616787765,663,True,0xd221a4cf7f80e9e93377adb1513a9e1b40c0f724,2025-05-10 18:21:47,0x7df4a1d4a8d8390bef36f311252423cce04e5647,WETH,ASTRO,0xb4a22dba2f749bd0f357d5513eb978302ccb53968bc0687c87518ed4c1489fae
1.0396537907983916,25.83014933879204,8.417157095219531,0x4c2ed484a49c112430bd6173c77528896f00dcb2b05a5496b6472e3a1d1e5eb6-0,2.9099963160820215,327,True,0xe3b6c3eb9dc16004aa6a39f28e97a1260412607a,2025-05-10 18:15:23,0xa68139f3ccb0c35ed92a3922319fe084438593a9,WETH,YUN,0x4c2ed484a49c112430bd6173c77528896f00dcb2b05a5496b6472e3a1d1e5eb6
19.726483477075,1.3182181822488264,11.349160448290794,0x43f5f2017e526979737a75f7fe820429f396b9b9bfdfb9ec1ff98ff394253944-0,10.361664540749818,236,True,0x970e722072b001b494e516eec42cd5ed049a9b39,2025-05-10 18:12:47,0xfb7175ab3ab78d39fb1863f67d252b693cb6c7cf,SLOINKO,WETH,0x43f5f2017e526979737a75f7fe820429f396b9b9bfdfb9ec1ff98ff394253944
9.265094420347632,0.012006792323962037,4.1040795715836955,0xed451d6615a31e754cd7d5a381c91be564f63ae6d3e2a38bb1aaadf94697f20f-0,2.242476525255462,194,True,0xd9744bd49248d78b424ac1052145017e5e821c10,2025-05-10 18:05:35,0x778dcaa27e9c669a71c462b724a4e97fc4f1bcc5,SNSY,WETH,0xed451d6615a31e754cd7d5a381c91be564f63ae6d3e2a38bb1aaadf94697f20f
18.816016482398634,0.0062424351627122605,3.462206611955282,0x6dfe30f1345f52061d7b4ebca154cc51eb187cc817149dc407c877f86fd389bd-0,0.029875141822361763,251,True,0xd9b3b5cfba13ed8ae3edd7ae2e0fe534f2845f0a,2025-05-10 18:01:35,0x6fb8d7569e2c175989f96d57f2dc65b5a78c42a0,VUFD,WETH,0x6dfe30f1345f52061d7b4ebca154cc51eb187cc817149dc407c877f86fd389bd
20.492143862367843,0.7113183852388115,8.555785784391562,0xc6628906db44aebcf9f1d7672148b6273b7aa597779566f49168cd5f62f727d7-0,0.6389165189617595,494,True,0xb44bf108271b9fde4a519abea83fd2b3089ee3b2,2025-05-10 17:40:59,0xc6d455ad43b2fbe3f3e20daccd1a05265344df1d,GFBOT,WETH,0xc6628906db44aebcf9f1d7672148b6273b7aa597779566f49168cd5f62f727d7
10.648437404425092,0.2734080252988391,7.355556030115841,0xb548c41fe480f70a5d685ea94ca5a451505a4513b87a5779d83d0bc940abb863-0,4.048884038633643,494,True,0x562b1edb954ccc2a50201ed4a5c212cc5242aa8c,2025-05-10 17:27:23,0x859f7092f56c43bb48bb46de7119d9c799716cdf,XCN,WETH,0xb548c41fe480f70a5d685ea94ca5a451505a4513b87a5779d83d0bc940abb863
1.032705979845877,20.262996377060933,8.409204553406497,0x5a8d8ed938f65f1104dbe2a2b30ca598c8ccf94a28002acbdda257cd4b7bf727-0,10.361664540749818,165,True,0x52902067c4e7133b20afd6e6f8ae1bcd5f41b12b,2025-05-10 17:20:35,0xd4178bc8d35ab36db11375e012244844ddaaf761,WETH,SLOINKO,0x5a8d8ed938f65f1104dbe2a2b30ca598c8ccf94a28002acbdda257cd4b7bf727
0.0017750660227385435,12.16804444966542,1.6875548747894706,0x538f2d4aa51f89497bd2af35a777170ca8ef77e7cc7fa32ce9531381edd38910-0,1.7795958797085924e-05,331,True,0x4d96f2d2143dd74a96d015a70953a5686fa6ed55,2025-05-10 17:17:35,0x184ebc52d89700c3f0de176ea27c3e8f8a864bb1,WETH,Tater,0x538f2d4aa51f89497bd2af35a777170ca8ef77e7cc7fa32ce9531381edd38910
0.0018299147718626818,12.19850350133687,1.7128772345475194,0xad3e867714a04d41ea0210eb84ee8d07b55cf0019cd190a35e399f00965b8cbf-0,1.8346344226497563e-05,382,True,0x4d96f2d2143dd74a96d015a70953a5686fa6ed55,2025-05-10 17:16:47,0x184ebc52d89700c3f0de176ea27c3e8f8a864bb1,WETH,Tater,0xad3e867714a04d41ea0210eb84ee8d07b55cf0019cd190a35e399f00965b8cbf
0.001814284787780907,12.189917668135534,1.7061044579616063,0x78253723cec12426375ea0a2c611f3533ebd798b8d53982b71bb6813e118533c-0,1.8189500494732848e-05,394,True,0x4d96f2d2143dd74a96d015a70953a5686fa6ed55,2025-05-10 17:15:35,0x184ebc52d89700c3f0de176ea27c3e8f8a864bb1,WETH,Tater,0x78253723cec12426375ea0a2c611f3533ebd798b8d53982b71bb6813e118533c
0.001814284787780907,12.189917668135534,1.705840648886817,0x99a74f527c2faec38cd08df88cf07be0d7be1b8c0f4378e8dd0c384c68462e45-0,1.8189500494732848e-05,360,True,0x4d96f2d2143dd74a96d015a70953a5686fa6ed55,2025-05-10 17:14:35,0x184ebc52d89700c3f0de176ea27c3e8f8a864bb1,WETH,Tater,0x99a74f527c2faec38cd08df88cf07be0d7be1b8c0f4378e8dd0c384c68462e45
0.0013192287435023486,11.871027930942372,1.4522313542631882,0x579c3299ca4d903d9cf5a5eac24b42e36ba7189fda4830a4ed2a20b989cdbe88-0,1.3222968683064268e-05,428,True,0x4d96f2d2143dd74a96d015a70953a5686fa6ed55,2025-05-10 17:12:59,0x184ebc52d89700c3f0de176ea27c3e8f8a864bb1,WETH,Tater,0x579c3299ca4d903d9cf5a5eac24b42e36ba7189fda4830a4ed2a20b989cdbe88
0.001346133666128919,11.891230498461688,1.4674664949934968,0x8f768395c7f6aa62c07386717767d08fa04e176b938349ba250dc344c95bcf2b-0,1.3492823366249393e-05,375,True,0x4d96f2d2143dd74a96d015a70953a5686fa6ed55,2025-05-10 17:12:11,0x184ebc52d89700c3f0de176ea27c3e8f8a864bb1,WETH,Tater,0x8f768395c7f6aa62c07386717767d08fa04e176b938349ba250dc344c95bcf2b
0.001373586922644303,11.911433068772977,1.482366762326361,0x186d1b656a66ea334e68440e0d73f2676b38bef2c5809f7b669131a59aa933c0-0,1.3768185212802983e-05,493,True,0x4d96f2d2143dd74a96d015a70953a5686fa6ed55,2025-05-10 17:11:11,0x184ebc52d89700c3f0de176ea27c3e8f8a864bb1,WETH,Tater,0x186d1b656a66ea334e68440e0d73f2676b38bef2c5809f7b669131a59aa933c0
0.0014015996728124367,11.9316356418284,1.4977525148985698,0x95f020c085064f4a12ba865a2654c9dab285befe49942c20e8dc2e867c397394-0,1.4049166610696602e-05,461,True,0x4d96f2d2143dd74a96d015a70953a5686fa6ed55,2025-05-10 17:10:11,0x184ebc52d89700c3f0de176ea27c3e8f8a864bb1,WETH,Tater,0x95f020c085064f4a12ba865a2654c9dab285befe49942c20e8dc2e867c397394
0.0014301833028830286,11.95183821756668,1.5126268814830832,0x86b800e433ea64f7c96e1fa0fea9bc801b9d86975428cec7de678a400baa825a-0,1.433588224154913e-05,215,True,0x4d96f2d2143dd74a96d015a70953a5686fa6ed55,2025-05-10 17:08:47,0x184ebc52d89700c3f0de176ea27c3e8f8a864bb1,WETH,Tater,0x86b800e433ea64f7c96e1fa0fea9bc801b9d86975428cec7de678a400baa825a
0.0014867463755723917,11.953360524795658,1.5424261520078204,0xb0b72d27e078564c10962d42a8e6d643f0d07ca7fbee98bd78fbb879caf33c09-0,1.4628449126916342e-05,349,True,0x4d96f2d2143dd74a96d015a70953a5686fa6ed55,2025-05-10 17:07:59,0x184ebc52d89700c3f0de176ea27c3e8f8a864bb1,WETH,Tater,0xb0b72d27e078564c10962d42a8e6d643f0d07ca7fbee98bd78fbb879caf33c09
0.7170400936149472,5.932633369938939,8.552739133659538,0xf6774dadbdf9c7bdf98a3ba2b673c2b59dc04270ecde99d1374c2a03edc280eb-0,0.0004044636837190999,381,True,0x4206ec8edee7cb19e7318fa4a291fe1113a83549,2025-05-10 17:07:35,0xfdcded6927a686b27254620752367bd6fe62fb0e,WETH,INFRA,0xf6774dadbdf9c7bdf98a3ba2b673c2b59dc04270ecde99d1374c2a03edc280eb
0.001545581396389921,11.95486877059945,1.5731618796930822,0x5164569558b61c24fb65e5a3575043aa668e165e15f300cc3a2835cbac6997b7-0,1.4926986676880047e-05,562,True,0x4d96f2d2143dd74a96d015a70953a5686fa6ed55,2025-05-10 17:06:59,0x184ebc52d89700c3f0de176ea27c3e8f8a864bb1,WETH,Tater,0x5164569558b61c24fb65e5a3575043aa668e165e15f300cc3a2835cbac6997b7
0.0016474091370767157,11.931278564409018,1.6216398218146009,0xc3d859b3a9f266507dd164e1558980ff29df1a6720dadf16ddb65f615c01b833-0,1.5231616738036809e-05,418,True,0x4d96f2d2143dd74a96d015a70953a5686fa6ed55,2025-05-10 17:05:23,0x184ebc52d89700c3f0de176ea27c3e8f8a864bb1,WETH,Tater,0xc3d859b3a9f266507dd164e1558980ff29df1a6720dadf16ddb65f615c01b833
0.002270411053941731,12.203208719130183,1.8865787152682267,0x01b8357b1ce21ac5bf3ccc6df3dbc957ef20a49c5a9ef874f437c63f7d8c5cdd-0,2.0489456014362467e-05,683,True,0x4d96f2d2143dd74a96d015a70953a5686fa6ed55,2025-05-10 17:03:35,0x184ebc52d89700c3f0de176ea27c3e8f8a864bb1,WETH,Tater,0x01b8357b1ce21ac5bf3ccc6df3dbc957ef20a49c5a9ef874f437c63f7d8c5cdd
0.7907118601427342,33.21765802111875,7.995620528615932,0xbbc03b16c2ff7ead92a5266b5587ab932fe9f1d93d7794e64bcb60ae65d733bb-0,6.340879408553421,338,True,0x9d38781de1dcab90ebb93d75dde3644ed7607dea,2025-05-10 17:03:23,0x23bddc246e0f83d45c9a14674a8c1bd8d7794789,WETH,KEVIN,0xbbc03b16c2ff7ead92a5266b5587ab932fe9f1d93d7794e64bcb60ae65d733bb
0.002270411053941731,12.179215636696608,1.886566558368864,0x26611d6cef0d635f9757c74209f4e68f2597c344ad4e1246f776837d23ffbc15-0,2.0489456014362467e-05,285,True,0x4d96f2d2143dd74a96d015a70953a5686fa6ed55,2025-05-10 17:02:47,0x184ebc52d89700c3f0de176ea27c3e8f8a864bb1,WETH,Tater,0x26611d6cef0d635f9757c74209f4e68f2597c344ad4e1246f776837d23ffbc15
0.08024934341954651,23.73876381181991,5.331525837001598,0x776100bacf07748d051a141410b9c50c3b0a08eb7ef58c4bfbfb492d29360ac5-0,1.9999999999999997e-16,190,True,0x6621b1b0f7d6b69fe2f73c632b623a59d92cb926,2025-05-10 17:01:59,0xeea71c6641a57c1515f6d0277c0159ba32192267,WETH,XDOGE,0x776100bacf07748d051a141410b9c50c3b0a08eb7ef58c4bfbfb492d29360ac5
0.002439983042790888,12.202330106464384,1.9481167055975646,0xf1d71f00c3b63956a8054896c0fb220cde38fdd65576a6b5128b66bf885d5ead-0,2.1489435025137184e-05,118,True,0x4d96f2d2143dd74a96d015a70953a5686fa6ed55,2025-05-10 17:01:35,0x184ebc52d89700c3f0de176ea27c3e8f8a864bb1,WETH,Tater,0xf1d71f00c3b63956a8054896c0fb220cde38fdd65576a6b5128b66bf885d5ead
0.0025013175980124515,12.177398128033303,1.971067006055048,0x79323ce827e5d33131f7a1e23aba91e77dd2020935770b09292cc596a73483c8-0,2.1489435025137184e-05,286,True,0x4d96f2d2143dd74a96d015a70953a5686fa6ed55,2025-05-10 17:00:35,0x184ebc52d89700c3f0de176ea27c3e8f8a864bb1,WETH,Tater,0x79323ce827e5d33131f7a1e23aba91e77dd2020935770b09292cc596a73483c8
32.88703108885833,1.618271727397014,9.901395470807831,0x90aef1f7d657282e45b80ef1cc951d3f6e6ad89094cddc469241a7c81cd02414-0,17.061410185861337,279,True,0xac847d998d99a4a3cc43d17507d3f7950222fff1,2025-05-10 17:00:11,0x8923542810e98cf95099ffb3dcf3e85d37b9c5c1,MISTY,WETH,0x90aef1f7d657282e45b80ef1cc951d3f6e6ad89094cddc469241a7c81cd02414
0.0025588206847375243,12.154563041075603,1.9908049116910773,0x637caefc5570db914db3486ff472eca0f1ce316d1a6160caab3605ca7a05a366-0,2.1489435025137184e-05,347,True,0x4d96f2d2143dd74a96d015a70953a5686fa6ed55,2025-05-10 17:00:11,0x184ebc52d89700c3f0de176ea27c3e8f8a864bb1,WETH,Tater,0x637caefc5570db914db3486ff472eca0f1ce316d1a6160caab3605ca7a05a366
0.0025588206847375243,12.132269278624946,1.9911223355528849,0xf16c9e7b016b2fdcf16fa024b1c11a41c318ac749ed510f53f1c455d880f01aa-0,2.1489435025137184e-05,387,True,0x4d96f2d2143dd74a96d015a70953a5686fa6ed55,2025-05-10 16:59:59,0x184ebc52d89700c3f0de176ea27c3e8f8a864bb1,WETH,Tater,0xf16c9e7b016b2fdcf16fa024b1c11a41c318ac749ed510f53f1c455d880f01aa
0.0026161697711109995,12.11000761703875,2.0100470968179796,0xa1cb33f1e067d6b837441514cc5c40c3153bdc9f51bae17b2cd905ac498ac041-0,2.1489435025137184e-05,439,True,0x4d96f2d2143dd74a96d015a70953a5686fa6ed55,2025-05-10 16:58:59,0x184ebc52d89700c3f0de176ea27c3e8f8a864bb1,WETH,Tater,0xa1cb33f1e067d6b837441514cc5c40c3153bdc9f51bae17b2cd905ac498ac041
0.0026161697711109995,12.11000761703875,2.0101906339545326,0x5d21ed80a04337d8a3ce17736d88638fc2eadb193cc66482f7a013c2d2524e95-0,2.1489435025137184e-05,327,True,0x4d96f2d2143dd74a96d015a70953a5686fa6ed55,2025-05-10 16:55:35,0x184ebc52d89700c3f0de176ea27c3e8f8a864bb1,WETH,Tater,0x5d21ed80a04337d8a3ce17736d88638fc2eadb193cc66482f7a013c2d2524e95
0.0026721825786400334,12.088732307583697,2.0279260346142305,0x9e9e779f82b5dfa6af84bc9f775cfa4ea8b46282b8412b606908232945f75a31-0,2.1489435025137184e-05,318,True,0x4d96f2d2143dd74a96d015a70953a5686fa6ed55,2025-05-10 16:54:35,0x184ebc52d89700c3f0de176ea27c3e8f8a864bb1,WETH,Tater,0x9e9e779f82b5dfa6af84bc9f775cfa4ea8b46282b8412b606908232945f75a31
0.002728140143204098,12.067918107837391,2.0456559061951096,0x9feaa3ce4fcb12299393f54fef356f2837426fd488f8fa43f3250f0155a4d5b5-0,2.1489435025137184e-05,343,True,0x4d96f2d2143dd74a96d015a70953a5686fa6ed55,2025-05-10 16:53:35,0x184ebc52d89700c3f0de176ea27c3e8f8a864bb1,WETH,Tater,0x9feaa3ce4fcb12299393f54fef356f2837426fd488f8fa43f3250f0155a4d5b5
0.002572876796283936,11.971565571238086,1.9953384440762916,0x6c0397945309ce47ca875f177931e7e5bcd7c1a71bc552f4feeddf0b55360ae7-0,1.9887216456799893e-05,213,True,0x4d96f2d2143dd74a96d015a70953a5686fa6ed55,2025-05-10 16:51:23,0x184ebc52d89700c3f0de176ea27c3e8f8a864bb1,WETH,Tater,0x6c0397945309ce47ca875f177931e7e5bcd7c1a71bc552f4feeddf0b55360ae7
0.002675131886255217,11.972889687987077,2.029146749268313,0x4b38b977e5605cb57d923eca764787df92cef7aa41af50d5b4c123a748f1e08a-0,2.0293073899083044e-05,376,True,0x4d96f2d2143dd74a96d015a70953a5686fa6ed55,2025-05-10 16:50:35,0x184ebc52d89700c3f0de176ea27c3e8f8a864bb1,WETH,Tater,0x4b38b977e5605cb57d923eca764787df92cef7aa41af50d5b4c123a748f1e08a
0.002781473965586088,11.974203454340437,2.0630728285519324,0x6571f0b855b6672522bc8287a05cd4fa0d3872903d1c448ad021713bf1226d2e-0,2.070721397656482e-05,334,True,0x4d96f2d2143dd74a96d015a70953a5686fa6ed55,2025-05-10 16:49:23,0x184ebc52d89700c3f0de176ea27c3e8f8a864bb1,WETH,Tater,0x6571f0b855b6672522bc8287a05cd4fa0d3872903d1c448ad021713bf1226d2e
0.0028920664935742782,11.975507066282647,2.0969501817560725,0xbc151ff6dc87b55fa5908e7e727444ae4e5e53065f7807426e9653d068b11d26-0,2.1129805715482902e-05,629,True,0x4d96f2d2143dd74a96d015a70953a5686fa6ed55,2025-05-10 16:47:47,0x184ebc52d89700c3f0de176ea27c3e8f8a864bb1,WETH,Tater,0xbc151ff6dc87b55fa5908e7e727444ae4e5e53065f7807426e9653d068b11d26
0.0030070794406823727,11.976800716309983,2.130828632385526,0x60ae46131c4d7896a4ba6c8aa4d1195b5a9227d1acfc846da526397d4fb822d5-0,2.1561021591603416e-05,333,True,0x4d96f2d2143dd74a96d015a70953a5686fa6ed55,2025-05-10 16:46:35,0x184ebc52d89700c3f0de176ea27c3e8f8a864bb1,WETH,Tater,0x60ae46131c4d7896a4ba6c8aa4d1195b5a9227d1acfc846da526397d4fb822d5
0.0031266895450505873,11.97808459346117,2.1655059067837987,0x175babffbe0cfe5344a7d2624510d9522e44fc8cbf8e5d9bca7d72afa71bccb1-0,2.2001037599897335e-05,341,True,0x4d96f2d2143dd74a96d015a70953a5686fa6ed55,2025-05-10 16:45:11,0x184ebc52d89700c3f0de176ea27c3e8f8a864bb1,WETH,Tater,0x175babffbe0cfe5344a7d2624510d9522e44fc8cbf8e5d9bca7d72afa71bccb1
0.003251080578863383,11.979358883384819,2.2000179905515367,0x15d9a839d58dd521360ece652422513b17f7d16ca39083e66b089481742d636c-0,2.245003332731597e-05,436,True,0x4d96f2d2143dd74a96d015a70953a5686fa6ed55,2025-05-10 16:43:23,0x184ebc52d89700c3f0de176ea27c3e8f8a864bb1,WETH,Tater,0x15d9a839d58dd521360ece652422513b17f7d16ca39083e66b089481742d636c
24.505878265440526,0.29245846219844235,6.73126674658254,0xf613e67fe45b458104d0d4d8dc12588247c98b2b30563e8cf0183c2fa142f626-0,11.712766146887455,249,True,0xbb12658accee628a8feef7cad818cc220a7a241e,2025-05-10 16:41:47,0x607e4544a67a66c28e1b83a6193c024d3a6e7c26,VOID,WETH,0xf613e67fe45b458104d0d4d8dc12588247c98b2b30563e8cf0183c2fa142f626
0.0033804436249377278,11.98062376839943,2.2348440982543907,0x1ece29e96e1c83292621d126d09f3568a19ee69977e1b7b83287784beea7a543-0,2.2908192024965415e-05,386,True,0x4d96f2d2143dd74a96d015a70953a5686fa6ed55,2025-05-10 16:41:35,0x184ebc52d89700c3f0de176ea27c3e8f8a864bb1,WETH,Tater,0x1ece29e96e1c83292621d126d09f3568a19ee69977e1b7b83287784beea7a543
0.0035149773638947514,11.981879427527339,2.270392883916847,0x014320c47851efc09ccf3772b50866cc11726b2884e6a915dc58db3c6fb290d3-0,2.3375700683679923e-05,399,True,0x4d96f2d2143dd74a96d015a70953a5686fa6ed55,2025-05-10 16:40:23,0x184ebc52d89700c3f0de176ea27c3e8f8a864bb1,WETH,Tater,0x014320c47851efc09ccf3772b50866cc11726b2884e6a915dc58db3c6fb290d3
0.6091990698608668,26.055324506750722,8.326764104998887,0xab4c5b3331296a4f2271f8bccfb1ce4300f4daa21ae78ed23f53364bc28deddb-0,2.6999999999999965e-15,1147,True,0x6621b1b0f7d6b69fe2f73c632b623a59d92cb926,2025-05-10 16:39:59,0xeea71c6641a57c1515f6d0277c0159ba32192267,WETH,XDOGE,0xab4c5b3331296a4f2271f8bccfb1ce4300f4daa21ae78ed23f53364bc28deddb
0.004459044124462164,12.174327279189397,2.4837803883880856,0xd0b5c439949f29796224c8bd3afc13c5064ee88e04f6b90ce23a7a6265620be8-0,2.8995471359457362e-05,660,True,0x4d96f2d2143dd74a96d015a70953a5686fa6ed55,2025-05-10 16:39:11,0x184ebc52d89700c3f0de176ea27c3e8f8a864bb1,WETH,Tater,0xd0b5c439949f29796224c8bd3afc13c5064ee88e04f6b90ce23a7a6265620be8
0.0038321324023896683,11.984624367240784,2.3430860373817883,0x20affbd8462c159efa0e81b2b77c896754f3f9ffbaab39a8d956eea42aa81888-0,2.444448871285137e-05,285,True,0x4d96f2d2143dd74a96d015a70953a5686fa6ed55,2025-05-10 16:36:47,0x184ebc52d89700c3f0de176ea27c3e8f8a864bb1,WETH,Tater,0x20affbd8462c159efa0e81b2b77c896754f3f9ffbaab39a8d956eea42aa81888
0.003984719389938257,11.985851557718934,2.378213238108769,0xc92f48e278dcaa388e0cb395fee519a39774d9e1ea0ccc2f223203f91e8772d6-0,2.4943349607768653e-05,381,True,0x4d96f2d2143dd74a96d015a70953a5686fa6ed55,2025-05-10 16:35:23,0x184ebc52d89700c3f0de176ea27c3e8f8a864bb1,WETH,Tater,0xc92f48e278dcaa388e0cb395fee519a39774d9e1ea0ccc2f223203f91e8772d6
16.059083482820153,0.015477060028820171,3.669376905645076,0x469abaf327c020ff2f6e0efe653fd3afa1331fbda0d416489904737a03854976-0,0.012052055565664271,61,True,0xbe3c6b158faf5423f49e47e675e6e14baa7868b3,2025-05-10 16:35:11,0xde50072d0fd4056b6119e09f8799e0a7e963bd2e,SOLDA,WETH,0x469abaf327c020ff2f6e0efe653fd3afa1331fbda0d416489904737a03854976
0.004143404544116494,11.987070241629091,2.4136396396043245,0xef8baad53cea4f05694e3a58a68694212fb5a76dad612d7b08b23c86fdb8f255-0,2.5452391080746007e-05,444,True,0x4d96f2d2143dd74a96d015a70953a5686fa6ed55,2025-05-10 16:34:11,0x184ebc52d89700c3f0de176ea27c3e8f8a864bb1,WETH,Tater,0xef8baad53cea4f05694e3a58a68694212fb5a76dad612d7b08b23c86fdb8f255
0.004308431247156544,11.988280581716994,2.449949345109466,0x1f8e5468fe03c49ac80dbc3800f3c45a60404ea319ad86cc27ad23bf7e0444a7-0,2.5971820888140038e-05,232,True,0x4d96f2d2143dd74a96d015a70953a5686fa6ed55,2025-05-10 16:32:47,0x184ebc52d89700c3f0de176ea27c3e8f8a864bb1,WETH,Tater,0x1f8e5468fe03c49ac80dbc3800f3c45a60404ea319ad86cc27ad23bf7e0444a7
0.004574957671510625,12.009709869709987,2.505262319721538,0xd10f5fa6a2467bccd19da9e64b19aca6484bfe70c2d2af25e8e96aea24dbff5b-0,2.705396545357639e-05,374,True,0x4d96f2d2143dd74a96d015a70953a5686fa6ed55,2025-05-10 16:31:59,0x184ebc52d89700c3f0de176ea27c3e8f8a864bb1,WETH,Tater,0xd10f5fa6a2467bccd19da9e64b19aca6484bfe70c2d2af25e8e96aea24dbff5b
0.004662286506077448,11.990701251445396,2.523088790436324,0x562a6d806ea5b2d92064963292138c47237c4d0c9596b3a0dbb02755a05fe97a-0,2.705396545357639e-05,536,True,0x4d96f2d2143dd74a96d015a70953a5686fa6ed55,2025-05-10 16:30:35,0x184ebc52d89700c3f0de176ea27c3e8f8a864bb1,WETH,Tater,0x562a6d806ea5b2d92064963292138c47237c4d0c9596b3a0dbb02755a05fe97a
0.004848046502822901,11.991887346184692,2.5596014382115557,0x95d9376ec6936a57134f9944831c66dccb1f6079695c620b89cd9ad3fcc011cd-0,2.7606079576678766e-05,700,True,0x4d96f2d2143dd74a96d015a70953a5686fa6ed55,2025-05-10 16:28:23,0x184ebc52d89700c3f0de176ea27c3e8f8a864bb1,WETH,Tater,0x95d9376ec6936a57134f9944831c66dccb1f6079695c620b89cd9ad3fcc011cd
27.581294003351807,0.7183957361463432,7.85607660319285,0xa69e4af969a662fc5555366f16876ae9c26db0319a1872dad9277232a91d25c4-0,13.815511557963774,326,True,0xbe3c6b158faf5423f49e47e675e6e14baa7868b3,2025-05-10 16:28:11,0x460db3a9b699364e5d88a2c3e81895fda46a3b3f,HOTELCOIN,WETH,0xa69e4af969a662fc5555366f16876ae9c26db0319a1872dad9277232a91d25c4
0.006289380372522245,12.205789160707148,2.8026346590117797,0x1ea90369a964b6013d738ccaa11586d528a39ff24efc9eaa9c56c0e6cc9c5833-0,3.500611709953317e-05,556,True,0x4d96f2d2143dd74a96d015a70953a5686fa6ed55,2025-05-10 16:26:23,0x184ebc52d89700c3f0de176ea27c3e8f8a864bb1,WETH,Tater,0x1ea90369a964b6013d738ccaa11586d528a39ff24efc9eaa9c56c0e6cc9c5833
0.006593910149966574,12.158211965664089,2.847072528535834,0x1ac6ed5df777231aea211ed5663bdb4d1d4a25345fdecaf3a9d0aa488c5df4d9-0,3.500611709953317e-05,810,True,0x4d96f2d2143dd74a96d015a70953a5686fa6ed55,2025-05-10 16:23:23,0x184ebc52d89700c3f0de176ea27c3e8f8a864bb1,WETH,Tater,0x1ac6ed5df777231aea211ed5663bdb4d1d4a25345fdecaf3a9d0aa488c5df4d9
0.470003629245735,20.5001222868822,7.295470966766211,0x0dde820dfd7f6f30ba9830266c2d8f75a36b4eba013b4b0f97bba35f1ad04e47-0,0.5263959681789818,356,True,0x05db98583671c13b5d1857e79b989c5e1fc4f91f,2025-05-10 16:22:59,0x037d2f2245c8fd0d104715cef81b5fc2de58120e,WETH,BOPPY,0x0dde820dfd7f6f30ba9830266c2d8f75a36b4eba013b4b0f97bba35f1ad04e47
10.255185168950723,0.009908340866680644,3.9091050883739515,0x6c95f629e950b61d6715e45239bec8f04078c9e5b7caac5ffbb03c33c129da50-0,0.0005288103095702713,349,True,0xd9b3b5cfba13ed8ae3edd7ae2e0fe534f2845f0a,2025-05-10 16:16:59,0x3c5009cfcb3d81eb6dfe199a302c9927eb6ca826,QU3ai,WETH,0x6c95f629e950b61d6715e45239bec8f04078c9e5b7caac5ffbb03c33c129da50
0.003414249773292184,11.475365682499598,2.234627678524044,0x9bdf2ab23b899e004d080a8b2603960b11ad6d6465e83a848f2e64de465ef912-0,1.788983997585855e-05,381,True,0x4d96f2d2143dd74a96d015a70953a5686fa6ed55,2025-05-10 16:13:59,0x184ebc52d89700c3f0de176ea27c3e8f8a864bb1,WETH,Tater,0x9bdf2ab23b899e004d080a8b2603960b11ad6d6465e83a848f2e64de465ef912
11.732170845169955,0.012672909330953379,4.1440405698480385,0x892ee96aa07bab5eefe4a798f96046b39213c2b47f0882db29563a85867d5bc2-0,0.0012525416819364624,224,True,0xd9b3b5cfba13ed8ae3edd7ae2e0fe534f2845f0a,2025-05-10 15:38:47,0xffdcf2dd0420eb0a93bddb163f899f151dec4dda,SPAGHETTI,WETH,0x892ee96aa07bab5eefe4a798f96046b39213c2b47f0882db29563a85867d5bc2
26.14715493641613,0.8458816164291063,8.082588941372864,0x1064ba21767c670a0e9789fccd67880516ec0f37aac66aec3b83a5bf416e656d-0,2.9099963160820215,286,True,0x9013802d6b57c59b1de92c851e86d474874a5ebd,2025-05-10 15:36:59,0x9eb375788f1c987722846a52a021dce471eeb049,SPAGHETTI,WETH,0x1064ba21767c670a0e9789fccd67880516ec0f37aac66aec3b83a5bf416e656d
19.80825255293406,0.009341026722029099,3.843136581814255,0xaf81a136b566c02b126d1257c829b8905a095ef56744c692e1ad7056c9a2b90a-0,0.05926975735386438,388,True,0xd9b3b5cfba13ed8ae3edd7ae2e0fe534f2845f0a,2025-05-10 15:36:23,0x01b886be13d411d19fb5bdaa571eb35c34f681a5,VITO,WETH,0xaf81a136b566c02b126d1257c829b8905a095ef56744c692e1ad7056c9a2b90a
25.83837593188145,1.1077913527651087,9.198735669216134,0xf1fbb91dd6b4c69d8723303f644096eaa3647affb75b509b15f4a11c549bf8d3-0,2.962452268429181,411,True,0xc56201ea5eb464563ae844b3a3abc9f1c4de5d0e,2025-05-10 15:30:11,0x132a4fd8b660c55dad2ea974c3de406dcac2e242,DRAGO,WETH,0xf1fbb91dd6b4c69d8723303f644096eaa3647affb75b509b15f4a11c549bf8d3
26.23169633433367,0.01319790996050868,4.182855375696358,0x260e7ecc5a47a2b56a5589fef2145f4ee17a4367220ff73d2637dcd8a29c617c-0,1.0318374765158733,210,True,0xd9b3b5cfba13ed8ae3edd7ae2e0fe534f2845f0a,2025-05-10 15:21:23,0xfa356393ccf8e16dfac8b0172340f5c1e3c9d814,LEPE,WETH,0x260e7ecc5a47a2b56a5589fef2145f4ee17a4367220ff73d2637dcd8a29c617c
17.404737977635406,0.993532863290223,8.32630819756181,0x18e3002d0b959b5dc5642ced16564c668c71e07ee8ed76cfed9e5d548a1fc520-0,0.2212188569617388,372,True,0x620e21335b0c4647df765db1c683c93b6c6f9b2b,2025-05-10 15:15:35,0xa8492214c5c8a77e2202c7e3b3e23063645230c8,RATO IS FOR EVERYONE,WETH,0x18e3002d0b959b5dc5642ced16564c668c71e07ee8ed76cfed9e5d548a1fc520
19.0981993273799,2.6925987397387483,11.981813441225574,0x1b5d1681b3efec9bf28d922237f40edf6e5cde0124506e5ce11c92afde276d58-0,10.858278049802138,297,True,0x0f873754fff555277a08a0d5673365df7e99e9e5,2025-05-10 15:09:11,0x6499948af2d9b49b91742310857a94d6da121e71,WF,WETH,0x1b5d1681b3efec9bf28d922237f40edf6e5cde0124506e5ce11c92afde276d58
0.0008699076028993082,5.148751694814154,1.6562437748719028,0xcbbdd1d5e73adafcbda7eb59a4ff9b68157947eef0a0cd7e0fc6b89e50605685-0,0.30368528212222284,363,True,0x61c814de445cb3b0bca43808138a6e11f3ea1929,2025-05-10 15:06:47,0xc91ef786fbf6d62858262c82c63de45085dea659,WETH,TOPIA,0xcbbdd1d5e73adafcbda7eb59a4ff9b68157947eef0a0cd7e0fc6b89e50605685
0.07696104113612795,20.5001222868822,5.2774208483404985,0xa3a26130717c97a158829e160c8392556991e81166791bd1ed8c7d580c2d0911-0,0.22552648013357807,333,True,0x3a4ae1c7eada5ce65976c052b775daeba37b489c,2025-05-10 15:05:23,0x3d6e44ce150f76bc9cd5515cb47975f03436f59b,WETH,Babyrato,0xa3a26130717c97a158829e160c8392556991e81166791bd1ed8c7d580c2d0911
25.192975582224427,0.5243604398457683,7.426678340757006,0x2725a2705098eb709ef649d70c70d88f4f8ff3165d87996854c83809cef32901-0,12.401252747927119,361,True,0x7891c4f0b4e066685cceca23c3ea2180b27d015a,2025-05-10 15:04:47,0x221aa8bea09989c67c574c30b8f4a1c5b0de7850,BOYSCLUB,WETH,0x2725a2705098eb709ef649d70c70d88f4f8ff3165d87996854c83809cef32901
10.15076959463618,0.00620358128494267,3.4443409423875995,0xa6423aa7e2debadd28d218cb6d177ad815b24599131d9b182873ac9c6ba4b087-0,0.0003932866206559498,143,True,0x438664ebf3d60dbd8ae69c4abe2a478adff0c1e8,2025-05-10 14:49:11,0xd822031b2ebe4bc5c6210c41563d51de94503d75,TOKI,WETH,0xa6423aa7e2debadd28d218cb6d177ad815b24599131d9b182873ac9c6ba4b087
1.4911768961323963,18.62502831336583,10.970238941915673,0x888d8b25a6557cb483b6c07822eee8175cc4d93ad25d437a2ed43b25ec5e2714-0,9.928752142968342,157,True,0x1968528362f898f09f04a500851d4e44af15e60f,2025-05-10 14:45:35,0x3c0699c8e50eead2f43893743d6dec25b2a26d12,WETH,Barato,0x888d8b25a6557cb483b6c07822eee8175cc4d93ad25d437a2ed43b25ec5e2714
1.0218627090118622,24.083323125676333,8.365912865447028,0xd6db847924afee2181bbd0db13725394d87b7255f902c58aa6144f05787cc777-0,12.328009508624978,251,True,0xcfee37da8b59a69c6bb2947b86afa87545eb068c,2025-05-10 14:38:47,0xdf869e3ed1f2bd879dbbfb473c2b92d55441f4c0,WETH,üèéLAMBO GT,0xd6db847924afee2181bbd0db13725394d87b7255f902c58aa6144f05787cc777
18.549283516073004,2.6659298904549065,11.076170462090356,0xec50d93b866e03c6ed2c206d23342afd29f47ba3f9701ee73209f41152636d29-0,0.7996422445006157,246,True,0x4464676abde4fb0e239bb58d5c2aca76aeb5042f,2025-05-10 14:36:35,0x102238febc7e1d37a285e6fa159b0bbe4b24ae23,GOLDEN,WETH,0xec50d93b866e03c6ed2c206d23342afd29f47ba3f9701ee73209f41152636d29
17.430682386285753,0.010385084210853263,3.939898738641908,0xa49b06433060f9a2c95491d606dcb0a3cdfbb3c05aeb944d87c2f12c42d0d4b4-0,0.01923948843652452,382,True,0xd9b3b5cfba13ed8ae3edd7ae2e0fe534f2845f0a,2025-05-10 14:31:47,0x6aa59330f9567774a10cb2625ff05638c9b90606,CATPOW,WETH,0xa49b06433060f9a2c95491d606dcb0a3cdfbb3c05aeb944d87c2f12c42d0d4b4
18.987822996547973,0.004261782881920481,3.073847192696892,0x9223f3d91aac99a385ad9f814bf0b4133288201f97cc7c73fd42dc3f97ad5695-0,0.026927958543272536,347,True,0xd9b3b5cfba13ed8ae3edd7ae2e0fe534f2845f0a,2025-05-10 14:31:23,0x2bcd3d723175352528d2252f46980b890b5a7d4f,PEPPITO,WETH,0x9223f3d91aac99a385ad9f814bf0b4133288201f97cc7c73fd42dc3f97ad5695
15.894952224644102,0.007968169649176774,3.0106444660270024,0xc5c84e7382149f78f03391a49cc84961b493a784744c4b4d6675db0f6cd62851-0,5.537264236273018,292,True,0xe0938aa12359d6d454f87859575aa741fb6df126,2025-05-10 14:29:35,0x7e1772ec33009192fcfce237d516d08ab9397a39,RATOREAL,WETH,0xc5c84e7382149f78f03391a49cc84961b493a784744c4b4d6675db0f6cd62851
10.023919556237626,1.100340616833226,9.178718919660255,0xc455a55003d50bfc5e3d4541e7646b16118f7335d3e13e981905191492121b51-0,4.671164070927849,185,True,0x043f53b3a0313965625021c50aa307a2e4db9e79,2025-05-10 14:26:11,0xcaa004418eb42cdf00cb057b7c9e28f0ffd840a5,WILD,WETH,0xc455a55003d50bfc5e3d4541e7646b16118f7335d3e13e981905191492121b51
0.6033490485932449,24.858238621862455,7.60155630623313,0x35a7d8f32fd2244b10cd9870f9d6180d32f4838ce3630c1d163095f5e40d4f0a-0,2.1008195861989374,148,True,0x3c2684512276cafb8e7cfd7d072e3b18fae27b82,2025-05-10 14:25:35,0x4ec2208e05cb61b5afc382a1f618529fd32cce74,WETH,QUACKLE,0x35a7d8f32fd2244b10cd9870f9d6180d32f4838ce3630c1d163095f5e40d4f0a
0.98795295094052,19.85223951205,9.004291394762214,0xe64391b7387704c4662434bbbecf7bbc0007ea499966a90c3539f454711667a7-0,0.6089265871669608,125,True,0x4660fc6910de7709b6425658266fa84feda6e1ba,2025-05-10 14:23:11,0x98c3f9e6a4e4a016349353131bc90418ada98a2d,WETH,MYSTERI,0xe64391b7387704c4662434bbbecf7bbc0007ea499966a90c3539f454711667a7
26.41621484089959,0.5272106530153134,7.425178231574915,0x3161ecccecdad9a506298cf7b20d75c2f3e1a25668da862f17e4ebc28b00ec89-0,2.7313276611448924,183,True,0xc516dbb09ab5c01eead2813c28266a889aebbceb,2025-05-10 14:21:59,0xf84e86c76bebd6abad019432b50baf87251574c5,KONGO,WETH,0x3161ecccecdad9a506298cf7b20d75c2f3e1a25668da862f17e4ebc28b00ec89
9.649333909774052,0.07320337747959593,5.217259630346842,0x124198503d8c51c225dc8986c341edc706d6a096cd77053a5f862666e8fb0d11-0,0.001037608902830777,540,True,0x877a04465aa874dc28dc1fc6e7b0e80fc9db32bd,2025-05-10 14:20:47,0x37d9fa6a597c5334781fb4dfba2cfa5c8ca65f4f,DELTA,WETH,0x124198503d8c51c225dc8986c341edc706d6a096cd77053a5f862666e8fb0d11
0.572603467055596,25.304182820611466,7.542798013641286,0x8337fcdf64a985fd53ec80ab978288d199a66feddbe9539b4577a48fd7ef87c4-0,2.2698930307394494,52,True,0x19426a32d77360e984939428f08c7763ae7b904c,2025-05-10 14:02:59,0x30ce94140c061e354f02635d98ff2687777e190a,WETH,KAPPA,0x8337fcdf64a985fd53ec80ab978288d199a66feddbe9539b4577a48fd7ef87c4
1.0902096916631843,25.750260612714072,8.480677021276424,0x7ba19f3dd2ed95e5213a2badf2b23b8be5b36dacf152e403fd3ab9291a9f1d81-0,2.908835830524885,136,True,0x136abd7969247e7cbafe8058a77dc879a70be066,2025-05-10 13:59:23,0xcbe3aa5171ba67a6520d1abe8354a75fdf2c4b3e,WETH,CHOKO,0x7ba19f3dd2ed95e5213a2badf2b23b8be5b36dacf152e403fd3ab9291a9f1d81
25.700124458287338,1.1591686159846346,9.279603900706315,0xc076d2e62fd41b59547984f7cbe8c58e9348531ec006a90940779a9ef3302034-0,2.931876840516714,53,True,0xddcd3438b8995b76af568e03667851553f3f30bd,2025-05-10 13:57:59,0x91f339c38d0cce5d6e77035cc3e971289e05e629,ARAO,WETH,0xc076d2e62fd41b59547984f7cbe8c58e9348531ec006a90940779a9ef3302034
26.29116621447773,1.348569990200659,9.544160974245102,0x034bf0ec461df0c5ea652e1773b31b7f7d988df84e341f64c97bd68f9b45f337-0,3.343588114556505,319,True,0x55b6269683447fde84b5f43c923e5b70bd6b3c84,2025-05-10 13:56:35,0x91d1b42673f2776f3ed076f612cf40de7f8f7286,ROSE,WETH,0x034bf0ec461df0c5ea652e1773b31b7f7d988df84e341f64c97bd68f9b45f337
26.3650820795628,0.5433068680354702,7.474451182180596,0x25e09bac0237089fe7cbb848862bc292d9b0147ac0e116e3ce1a21c24fe3a01d-0,2.725384695279414,82,True,0xfeaa136888bf458e210c6043eac0e5be85775ab4,2025-05-10 13:55:47,0x281c8b00a669299f2983fdbbea1a33a79d56db8f,BATO,WETH,0x25e09bac0237089fe7cbb848862bc292d9b0147ac0e116e3ce1a21c24fe3a01d
19.709084258390533,0.04592893188839971,4.7510807229536285,0x340b004b0899ba2ef411f00f310a3f1e18357698e2bc284f1b90c4741b8ae4cb-0,8.324604457228272,53,True,0x9689c281e4d106684fcdb9cd53314f4c1eda510a,2025-05-10 13:54:11,0x19d4942c74a90378d48bd18675494cd91b489dd8,LUNAVELLE,WETH,0x340b004b0899ba2ef411f00f310a3f1e18357698e2bc284f1b90c4741b8ae4cb
26.24851357574716,0.5938504336107946,7.590741984449683,0x12c5c980059d4a1d51220b62f00e24816534e5523fa648836468ae080565d088-0,2.725384695279414,102,True,0x932dd11250d2e1740f10163606f6c024073c6747,2025-05-10 13:50:23,0xcc07dd2c803d91f1668e0da16bcea56f52253e8b,WORMO,WETH,0x12c5c980059d4a1d51220b62f00e24816534e5523fa648836468ae080565d088
15.671808704579888,0.07696104113612824,5.269850130712072,0x6ed2fcfb484daa291d18f96b03e2d5fef94eddaebebb3d243484998cf7950f4d-0,6.574436518843165,219,True,0xe0938aa12359d6d454f87859575aa741fb6df126,2025-05-10 13:45:23,0x38c84c481b6dec9b1b5251f074bb0e5359040dd1,RATOREALONE,WETH,0x6ed2fcfb484daa291d18f96b03e2d5fef94eddaebebb3d243484998cf7950f4d
23.90303633997563,0.23111172096338653,6.4449174972962116,0x29fe842b7503880dc72e5eeace061a4a68ec798c990d75397d86e897375d7c1d-0,11.277936299378002,157,True,0xbb12658accee628a8feef7cad818cc220a7a241e,2025-05-10 13:36:35,0x976bd54da915e460449fdfef4bb560af8947654e,POOF,WETH,0x29fe842b7503880dc72e5eeace061a4a68ec798c990d75397d86e897375d7c1d
0.45490194013450763,19.671078385924993,7.239298201183561,0xd43cc5f83688a6d7134e8d8fb812fbf8328b0e740557f2f325fc55200beb5c1e-0,9.556984670434392,754,True,0xf4134bd1e839534a4288a034d30bac531a76eff6,2025-05-10 13:33:59,0x11e78463eeac749739aeea6942cc9dcd7b2bd73c,WETH,FFM,0xd43cc5f83688a6d7134e8d8fb812fbf8328b0e740557f2f325fc55200beb5c1e
0.49045286213727984,24.97723482842118,7.333241722821908,0xd435ef2fce643e69e9881b6f00bc770d1c86d0ee4932006ec22bcabf272f2986-0,2.0379133914301577,242,True,0xec5d0c223e99ab74d659c822d33da2f250c1ae5f,2025-05-10 13:29:35,0x11e2455177918e5015e9833ecc43b1d45c31babf,WETH,PIGTO,0xd435ef2fce643e69e9881b6f00bc770d1c86d0ee4932006ec22bcabf272f2986
20.606782017718004,0.18418965345296573,6.192350406318904,0x39f113b17ec7a51b85ad7c5068611dc7edcab0779394bcf213667b16cd106e52-0,0.3536552373088174,320,True,0xa06a941e7cd3e649b80012a64e0cf9e8fd1d6023,2025-05-10 13:21:35,0x1c81ba6ec85a0120950f219e6347547eb6dd3246,Test,WETH,0x39f113b17ec7a51b85ad7c5068611dc7edcab0779394bcf213667b16cd106e52
0.5930223126861701,33.296646221023096,7.578108920040885,0x2a8a9ba7b2d2a4159e6dd7e1604cb5fdd0d118902cc2177c063c4fc3a8c16f51-0,6.1826793375245535,53,True,0x3e04ff91b3fc36f156bac43c55532640cff06872,2025-05-10 13:15:59,0xeddbfcdbc8b96929850d68345e2983e3abf89c3a,WETH,MACI,0x2a8a9ba7b2d2a4159e6dd7e1604cb5fdd0d118902cc2177c063c4fc3a8c16f51
17.2740741552066,0.9755785405586557,8.289975329827877,0xffa1f9e70b14294ca5207b8d7142dfe7c53a6d22f0992a3124ecc799e58bc1f0-0,0.20591988110896597,530,True,0x1b8b965759e045dfd2f2cd8cc077ad080c2338bf,2025-05-10 13:02:59,0xf15983a907de943125e31cc8174d3fc07aa3347a,GROKO,WETH,0xffa1f9e70b14294ca5207b8d7142dfe7c53a6d22f0992a3124ecc799e58bc1f0
24.905315979602886,0.4814230153482038,7.307145184464818,0x8588354ff30a5caf9e147bf9c3450da3015d377d807fc986c496ca49c42bf4bc-0,1.9965979714881341,248,True,0x40404381b41bacc84f3864326c16d38006e15bc6,2025-05-10 13:02:23,0xb9816acab80a623190bc5a8f44ccbc100f32077b,OCTO,WETH,0x8588354ff30a5caf9e147bf9c3450da3015d377d807fc986c496ca49c42bf4bc
0.00667591545949486,10.882318733799034,3.5045089025051777,0x3e6fe1ba019b55cf492fb7704c9bbfc3b7f90bfb680ce9903b573fb0a2ed57f8-0,0.0005886466864254479,488,True,0x438664ebf3d60dbd8ae69c4abe2a478adff0c1e8,2025-05-10 12:55:59,0x28afcc946447db16322440f3cd494c0a9dedf47e,WETH,HOME,0x3e6fe1ba019b55cf492fb7704c9bbfc3b7f90bfb680ce9903b573fb0a2ed57f8
16.01483628007139,0.065854847501267,5.795330626482229,0xad89047bad6a407ceec3e888e8de73d0192c967ddcd4af55156b5156f5d0fffd-0,6.569602246448972,153,True,0x1353c4aeea47419953ea4870cc719345b89efb7a,2025-05-10 12:51:11,0x4f9a70b87aac8e4b751f65350942b8faa9dc4b4e,BitANT,WETH,0xad89047bad6a407ceec3e888e8de73d0192c967ddcd4af55156b5156f5d0fffd
1.5503470833365463,13.436088970715634,9.793014823115456,0xb72926c69f133a49bff7c859a583a493577e79f026b1e538a51767c0fc98b799-0,7.348358454011455,384,True,0x3919d8d56341d18020126e9dedcc5c91e34a047c,2025-05-10 12:46:35,0xcbe7974d419860bdf0b767b3cec530b42e715779,WETH,KAI,0xb72926c69f133a49bff7c859a583a493577e79f026b1e538a51767c0fc98b799
0.010444645730656493,11.573496859691906,3.9445546427195346,0x1bdae836daecc686c1d5faf3d4126182af86f473adae345f24e1445a95c793ba-0,0.001045330156198429,94,True,0x3d12678ccf6d4bd00fa8e522c60d7e698f971fb0,2025-05-10 12:41:11,0x28afcc946447db16322440f3cd494c0a9dedf47e,WETH,HOME,0x1bdae836daecc686c1d5faf3d4126182af86f473adae345f24e1445a95c793ba
0.004755494815336065,10.34990868809098,3.177871565746644,0x6238ed52ffb74ab7aab04bf1cba5c49d2f0df63ee570d9505e5f23ee6807771f-0,0.0003823778826947291,385,True,0xd9b3b5cfba13ed8ae3edd7ae2e0fe534f2845f0a,2025-05-10 12:39:35,0x28afcc946447db16322440f3cd494c0a9dedf47e,WETH,HOME,0x6238ed52ffb74ab7aab04bf1cba5c49d2f0df63ee570d9505e5f23ee6807771f
10.481272621722795,0.10796061321416842,6.310938474184284,0x4be30e8c4bacdba03301eb2018d2d2f175d837498e89ea888185cf409b8f3d33-0,0.0061741152075733535,503,True,0x9083eb7f851cbea97789c8296a85a00e0458d4f6,2025-05-10 12:31:35,0x9ad55f43277b1f85a604b01dc6060732c4121624,SEEDS,WETH,0x4be30e8c4bacdba03301eb2018d2d2f175d837498e89ea888185cf409b8f3d33
0.5802089518871683,26.56027546814515,7.547100439265539,0x01da00a5402161cac3bd118f9110618d5bb53d8d4bbd5540aa7575b4af88e0e4-0,2.8477922161365075,212,True,0x901485372194348f145cf4e8a08aa0478e684fe9,2025-05-10 12:28:59,0xb42ffe26f1abbf058f025e3e60a263376bd44d6f,WETH,ETH,0x01da00a5402161cac3bd118f9110618d5bb53d8d4bbd5540aa7575b4af88e0e4
0.5247285289349821,26.453422436490957,7.412778388328279,0xefef012e8f3cc26bd1aa5bbef1ae4a01b55b1e37c866e6486e1b4b947371b15f-0,2.7458904656582734,390,True,0x0177d55b85a389d909b7aab87c75d1dddc261d37,2025-05-10 12:16:47,0xdc0b90e953c0a001061d9dd21bad82274d6ca9a4,WETH,SHIBO,0xefef012e8f3cc26bd1aa5bbef1ae4a01b55b1e37c866e6486e1b4b947371b15f
8.849673891872243,0.5285753022316291,8.111849099421129,0x3410c4e7ba672540aa8a77d806198237981804af945d71656b78952c364bbdbf-0,3.583625681747565,490,True,0x7ea17e0b23af81b43c188ce8a92e9c98fd204880,2025-05-10 12:13:35,0xffa98a091331df4600f87c9164cd27e8a5cd2405,POLS,WETH,0x3410c4e7ba672540aa8a77d806198237981804af945d71656b78952c364bbdbf
15.894952224644102,0.007968169649176774,3.002272816153361,0xfc3e464fabf133a04175c56e4cb76639e6f7f85c1c46c42927315c22521dad24-0,5.537264236273018,250,True,0xe0938aa12359d6d454f87859575aa741fb6df126,2025-05-10 12:11:23,0x73e6bde51f442d81e393153d061b953a4c739c2f,RATO,WETH,0xfc3e464fabf133a04175c56e4cb76639e6f7f85c1c46c42927315c22521dad24
20.223391785690474,0.8543646710809936,8.077703614660976,0xb18aa7ed5b3e010d1f459fa89a74ccd924676aea02d62d09b9e1163830b07f84-0,0.6441265391932132,267,True,0x6719080a7f7cb36260900fdf988ae6e65fa72eb2,2025-05-10 11:55:23,0x4465dae694fb7b17a96eecfe69333022973ac2a7,EMPEROR,WETH,0xb18aa7ed5b3e010d1f459fa89a74ccd924676aea02d62d09b9e1163830b07f84
0.5443397713454702,26.387692819370507,7.454259881398483,0x7ff330411e3b717eea61b586d6fe806cbf82c08e931cfb35ba067ee5bb091947-0,2.737198415879652,102,True,0x8074be27a631003cc9066ce8bc2914eb302514d6,2025-05-10 11:55:11,0xcf517f48c3c170a8ae53632e232a281db10dd416,WETH,PEPO,0x7ff330411e3b717eea61b586d6fe806cbf82c08e931cfb35ba067ee5bb091947
20.6001472022491,0.29224415033167567,6.698292216728513,0xf754ad8244994383d5834210479021568fdcd27e55155f27a9ddcefa826b0a5f-0,9.759704249670554,233,True,0x9689c281e4d106684fcdb9cd53314f4c1eda510a,2025-05-10 11:40:23,0x4e586f032d187ceb4ef667ec23fdfbb42f3109d7,APEPE,WETH,0xf754ad8244994383d5834210479021568fdcd27e55155f27a9ddcefa826b0a5f
23.125143297515823,0.41401389311145365,7.112421674447894,0xcbb46d9a08f3de6a8b8d96233af19c83041bd6678f2dab32573a206a3e183620-0,6.53813982376767,424,True,0xc436521719e93772712c53d9dbc28ceeceb3a739,2025-05-10 11:31:35,0xbf49c7cf663076afc6e2757b88db01e318217312,PICKLE,WETH,0xcbb46d9a08f3de6a8b8d96233af19c83041bd6678f2dab32573a206a3e183620
17.17473622372468,1.1207524688371298,9.198324023352443,0x74688895b9674fc5dad9bed42f3117293bdfd2669d5f84ebc7acd822ff001cf7-0,0.21767176552736656,163,True,0xb47222e8060c8d7de67b2880c417d2440aca2599,2025-05-10 11:24:23,0xe1e6a215fc705fa96fa7ff269233d998359adfb2,SHIBO,WETH,0x74688895b9674fc5dad9bed42f3117293bdfd2669d5f84ebc7acd822ff001cf7
20.703063130649298,0.7033301771150853,7.802475641568111,0xcc12b091dfa272350f3985601a6b31fee6eaf73d7db0cdea6e3bf02f01931c8a-0,0.6931471805599447,450,True,0x64524c5165c18f815b892a282560e05471eda9f3,2025-05-10 11:23:47,0xa313499f131a4d64574677354e7a01b9a8b33151,BRATO,WETH,0xcc12b091dfa272350f3985601a6b31fee6eaf73d7db0cdea6e3bf02f01931c8a
15.805272078749784,0.008306191965153602,3.0446368660549865,0xea0f284c01e9596eb1795debc901e7d9dd821762c54d76db6a1d3be81a1d2880-0,5.511719867988073,316,True,0xe0938aa12359d6d454f87859575aa741fb6df126,2025-05-10 11:19:47,0x1f1cf5dcc7235600d9c829a8f6cb162eb96545c8,ZEMMERCLOG,WETH,0xea0f284c01e9596eb1795debc901e7d9dd821762c54d76db6a1d3be81a1d2880
26.653177306410136,0.6633990603988944,7.722661295794964,0xcb037a74e01f7a3cefd53967dd865dd6030f388f1ddb38ba4547249465acc59e-0,13.296226770493583,289,True,0x1ee638de1d2dbc32ea5db7a6900de2106da8713a,2025-05-10 11:17:35,0xb13deed2024e4d9071ed2aabc266a33b3e4efbcf,Gorki,WETH,0xcb037a74e01f7a3cefd53967dd865dd6030f388f1ddb38ba4547249465acc59e
11.330052893133256,0.005314352448316956,3.2782785919639537,0xc8dcf47ff79b97f47254563c7c990bb2c263db87ee6305e95ef7ca68e281e644-0,0.0006628666114701899,192,True,0xd9b3b5cfba13ed8ae3edd7ae2e0fe534f2845f0a,2025-05-10 11:09:59,0xd232e61d7d2c60b9b0582972539dd10855663c26,PINK,WETH,0xc8dcf47ff79b97f47254563c7c990bb2c263db87ee6305e95ef7ca68e281e644
24.725999692898213,0.6716611358765952,7.738194120901119,0x614555ea0649dfcdf2030afccda2fb16a1d4c757653c8eff1d3f5e15c3e0b88b-0,2.1008195861989374,261,True,0xf43990c881b867ace9708527be0a3eb53060f7e3,2025-05-10 11:05:23,0x5b0d88ea7ac7056f52d0605315bbabe93d2c8f7d,CLOUDBOI,WETH,0x614555ea0649dfcdf2030afccda2fb16a1d4c757653c8eff1d3f5e15c3e0b88b
20.67904750675816,0.6266169277446079,7.653285469661248,0x83784e285a06029598cfb807f5be7311edba4ec9f64d03e6ae11291bb1bac0e8-0,10.270482131554939,360,True,0xa8130d27579729e35d42a163702e7ed491dd375d,2025-05-10 10:49:23,0x25e21de184af3c90aaf223dbd82d5c674babee62,Zpepe,WETH,0x83784e285a06029598cfb807f5be7311edba4ec9f64d03e6ae11291bb1bac0e8
26.40316334720728,0.5456948012698128,7.471967866432942,0xb7e85b5f550be8ace314c01403bb228e72905ddf8c29113e3f4e3b5082316a85-0,2.7458904656582734,627,True,0x13686542af7714036bde1326184519a214d20698,2025-05-10 10:45:23,0x40ab1584853377b083403104f402f7cfca578ff9,DUCKO,WETH,0xb7e85b5f550be8ace314c01403bb228e72905ddf8c29113e3f4e3b5082316a85
26.405383305426817,0.536965524487953,7.446344675077913,0x4bb23b29f06ec06c201abb52febc7189d318a4eba60a4443a22eee715ed3627c-0,2.737198415879652,252,True,0x198a9c0d7a50180b25d898d08cdbc2bcf1dfa811,2025-05-10 10:28:47,0xb0ce67149a14708b62b55bd5bbbe4ab6aba73fa3,RABBITO,WETH,0x4bb23b29f06ec06c201abb52febc7189d318a4eba60a4443a22eee715ed3627c
19.46528213102403,0.2751286063801609,6.638028073360332,0x75ab51d17ff27f13574d6816b3ee7186a4346ba4a593e4a06137b3d8e042274a-0,9.157765517847443,463,True,0x9689c281e4d106684fcdb9cd53314f4c1eda510a,2025-05-10 10:21:11,0x7e4e1acd12252a8a960f63bee36779e171ea5fe3,LUNAVELLE,WETH,0x75ab51d17ff27f13574d6816b3ee7186a4346ba4a593e4a06137b3d8e042274a
1.4688275212715185,18.94794150239016,9.683347718739277,0x355849344745bf7275ab996c886ae76c2481f405bdb944ba2f25fdade254bbd5-0,0.4277816621093049,291,True,0xd1ac0e75c931e7e7363d6a9b262699b45d0b3177,2025-05-10 10:00:59,0x8d02988296949cd054623802c1115973a9afe307,WETH,RATO,0x355849344745bf7275ab996c886ae76c2481f405bdb944ba2f25fdade254bbd5
0.017138373877289333,18.25228497268483,4.434918796904842,0x2bf295f17563106bab8ccf6c9f1d203bb169d239050c79934c606edce28cf1ab-0,8.180396502165962,288,True,0xfadfea0ed7ee88af64630ba39b69be3e0e1c2bf4,2025-05-10 09:56:47,0x60118d8316a7119dc6266f74cd3ebae61c0f938b,WETH,SLACK,0x2bf295f17563106bab8ccf6c9f1d203bb169d239050c79934c606edce28cf1ab
26.421179620045873,0.7221231768007061,7.844854310091647,0x2efae5f9c2fc0c8975fb6c768686e31c4802018a4f181c4770dbef1c2a4f9e97-0,2.9321923058703923,80,True,0x5753df9a1542e62ea90ab7c985ccefef4a81044e,2025-05-10 09:54:23,0xd7279abe591e7efb7f1024eeece72dabb7159550,LANDWOLF,WETH,0x2efae5f9c2fc0c8975fb6c768686e31c4802018a4f181c4770dbef1c2a4f9e97
12.886041901986161,0.09070100750876964,6.128166115302058,0x6fc26e9834eb055bf9cbbefe2ce0ba0f05f3d5216437f4abc23da4bd7599d73a-0,4.1443572382150353e-07,340,True,0x9c3b307e5b1a62aed5d0690e514421baa15054d5,2025-05-10 09:52:11,0x0be902716176d66364f1c2ecf25829a6d95c5bee,CDS,WETH,0x6fc26e9834eb055bf9cbbefe2ce0ba0f05f3d5216437f4abc23da4bd7599d73a
20.237036208922643,0.2823883311994971,6.6678573221038855,0x14c8539d4cb55402cf0185fa35612c34882956f405db2d031a0ab960db6bb4c1-0,9.556984670434392,357,True,0x21719de02f4799feb1ee455de55f3c1bee2d78f6,2025-05-10 09:47:59,0xa44e9aafbefb722ba7d15c8b2661f3368837d510,SNAKEO,WETH,0x14c8539d4cb55402cf0185fa35612c34882956f405db2d031a0ab960db6bb4c1
16.118026314245423,0.010321046697113104,3.246061692724095,0x51d9a99f6fe92b4aaa7f0a698179162f7e6410890eccea3f5f53482d0afbcefd-0,5.759833504186346,80,True,0x9aff0b0d211e4415bf134ca6ebbe630e42e7c4c5,2025-05-10 09:23:59,0x5f8716dc3083f06a94a9dc742ad986f127e46e58,OKS,WETH,0x51d9a99f6fe92b4aaa7f0a698179162f7e6410890eccea3f5f53482d0afbcefd
26.31431914437273,0.5781810252638168,7.527821562976561,0xb7fa9d3a96af3d47165156226ee1d4d984b365cb64c0f6c6a76c37751748d1af-0,2.737198415879652,309,True,0xeae4c51eb83fca5e6c24209fbbb3d7b1b3d9a7c9,2025-05-10 09:11:35,0x66657c79777179e3ebe605df9783865d84d5669a,GOATO,WETH,0xb7fa9d3a96af3d47165156226ee1d4d984b365cb64c0f6c6a76c37751748d1af
27.54239315156999,0.6398698594102029,7.663533417834257,0x6aeac45ebddc9c9ef3dc7027ca090ecf2ad2f0fc429e8ec6084c2bcc3a61beef-0,13.703939900340533,326,True,0x6ea1a6a88a480a09462af0ca6df0f92821f6d141,2025-05-10 09:07:47,0x5bf50eadef4b770a9c9371e65fe73329c6e4e2d4,supervised,WETH,0x6aeac45ebddc9c9ef3dc7027ca090ecf2ad2f0fc429e8ec6084c2bcc3a61beef
2.1519182976285722,18.72723386880757,11.453715845687665,0xfb7af170769ded5fe2a5667ecb81574e0ed66eede8027ee33c5c845bcdd8259c-0,10.37327823867649,667,True,0x6e97732206e70a309e7ca44ada796f45ea5a44d7,2025-05-10 08:51:11,0xb39ab0a214b5f84e708de187ebac99f46762b203,WETH,100vs1,0xfb7af170769ded5fe2a5667ecb81574e0ed66eede8027ee33c5c845bcdd8259c
13.997832948091215,0.004788516731797078,2.533000275110547,0xdef874f3b41f42d55c9b410fc8fe2437bec1653492a400440ff3fbf16fc8ffb3-0,4.342436483259223,457,True,0xf17a08a7d41f53b24ad07eb322cbbda2ebdec04b,2025-05-10 08:49:11,0xf2a542caed5aaafbbc309b80e044c507b8e4d4a3,WWWAA,WETH,0xdef874f3b41f42d55c9b410fc8fe2437bec1653492a400440ff3fbf16fc8ffb3
3.0457388438628477,0.006246142422119678,3.4430325895087677,0x599b4e735e3c02084144428348b831da146e4b29a67a77a6223066d1359aeca8-0,0.2596177760880275,245,True,0x7bf8b4b9a74d5e55f022f3f311eda6142426e783,2025-05-10 08:41:23,0x7924a818013f39cf800f5589ff1f1f0def54f31f,LON,WETH,0x599b4e735e3c02084144428348b831da146e4b29a67a77a6223066d1359aeca8
17.431840091396072,0.875453684111093,8.817964408679849,0x5eee3b20fbcd0f9e355530f822fa37b39b78ee394a309cc26abd82fd7177d5d3-0,0.20495764588776963,96,True,0xbab4200840c2700fb142b515b662640ac9e4531a,2025-05-10 08:32:59,0x8dc61ac7386a8ea244d9196078cef61af27bad69,MUFFIN,WETH,0x5eee3b20fbcd0f9e355530f822fa37b39b78ee394a309cc26abd82fd7177d5d3
25.070670483677134,0.4552229697987942,7.239404057489353,0x1fdf7294538a3d25c4b1dfaece6e1a6cf4fb0d8833c6517e6d6053007d8a6ce5-0,2.0335000961396674,419,True,0x0fc5bb7df6564bed1e58281e69fd8e09480079f9,2025-05-10 08:11:35,0x257b6d365fbf18ffe7e8d41bacfc293c693c6705,CROGON,WETH,0x1fdf7294538a3d25c4b1dfaece6e1a6cf4fb0d8833c6517e6d6053007d8a6ce5
25.272020926963048,2.302067791958678,14.621660061275769,0x5479c2e84beafa96a17c6d7373bfaa8c8ae67f9da2353e7484fc73ed1d25d816-0,13.734252177867088,342,True,0xe08fcc4283fd8e35fdc49088b502b679e1c779fd,2025-05-10 08:03:47,0x545556b1796832315e1aacb0c8f221d9ef98efd9,üíßLIQUIDEFI,WETH,0x5479c2e84beafa96a17c6d7373bfaa8c8ae67f9da2353e7484fc73ed1d25d816
19.47817438125662,0.2720336355441783,6.608165385658524,0x6a78cd417c248d3548dae14bcceb25677646ac7e9372efd39304c8c95370aa0c-0,9.157765517847443,278,True,0x9689c281e4d106684fcdb9cd53314f4c1eda510a,2025-05-10 07:46:47,0x9fb00cd78529b032d467ee760ee9d76659ed7eda,DOMINEX,WETH,0x6a78cd417c248d3548dae14bcceb25677646ac7e9372efd39304c8c95370aa0c
19.76485925121915,0.9441875926673509,8.91292284773345,0x2d7339e9915b33f5a8122925723f53eb9bddd0d2148c2ca7a1cbaf98cdf86621-0,0.5726697436706085,75,True,0x4d9ba689843395a23657493d28301872e2d9b2d7,2025-05-10 07:39:11,0xac1921b2e6b53db6a6bd1bbadc6c52a797532dac,ETH IS FOR US,WETH,0x2d7339e9915b33f5a8122925723f53eb9bddd0d2148c2ca7a1cbaf98cdf86621
19.282625754490855,2.2458894160290517,11.741005064775345,0xbddd1bdd50c6252a340d82959150c82a584f1e0dc38f2c466ee4331c22ce4908-0,10.708228869182957,465,True,0xe08fcc4283fd8e35fdc49088b502b679e1c779fd,2025-05-10 07:31:47,0xc7292399dfb7fb3fa97614d2448f938400be24d7,üçãLemonDex,WETH,0xbddd1bdd50c6252a340d82959150c82a584f1e0dc38f2c466ee4331c22ce4908
24.14849693787218,0.9806247817857467,8.278199208155593,0xbd2dc85d875ce5a39aea751e516ad9106f55eba020aa70273d867b5b2c93ac38-0,12.328009508624978,191,True,0xcfee37da8b59a69c6bb2947b86afa87545eb068c,2025-05-10 07:27:59,0x35d911146e6a83a0a7693f2334ffc14686b3d4e6,üí™ CHADGPT,WETH,0xbd2dc85d875ce5a39aea751e516ad9106f55eba020aa70273d867b5b2c93ac38
19.10386842901735,0.37507456817083024,6.982341832805761,0xe66e45fd325494b7129c7f0f3c6c3b5654f936fc3bf2d1c07b5b790f71acef48-0,9.157765517847443,391,True,0xb100e1546f405351f262bee11bf9c121ed1206c4,2025-05-10 07:23:11,0x122ea288a9b0be24ee6d8bc00927fabcc550a657,AURA,WETH,0xe66e45fd325494b7129c7f0f3c6c3b5654f936fc3bf2d1c07b5b790f71acef48
2.1138429683971687,19.991015016170337,11.964345964060145,0xa785358eb75690f645bb5b71f9f567e954c61423960b4fb6818557831e0849d8-0,10.988031305663128,691,True,0xe08fcc4283fd8e35fdc49088b502b679e1c779fd,2025-05-10 07:21:23,0xe52ba0ff5e30527340148a64c43310bc8e559b9e,WETH,MSWAP,0xa785358eb75690f645bb5b71f9f567e954c61423960b4fb6818557831e0849d8
13.41289373420333,0.9152952116326345,8.173044660734178,0xe5c30820f11705e32d5de6b6a0f65e261bb8480396efe1baa3e8ef93912f23b3-0,0.03113307368950124,115,True,0x79ec64eacebf60b5a20b8c16b14509db0640968a,2025-05-10 07:15:47,0x2ea21bc2653d21a058fa9e425724d722cbebf372,KBW,WETH,0xe5c30820f11705e32d5de6b6a0f65e261bb8480396efe1baa3e8ef93912f23b3
4.787910065447362,0.8929952870844664,8.828275684928917,0x1d2aae40e9319bd0aad59ab8548e6dda59d14e33e4c754d90f40456ac01f526a-0,1.8555301828502622,167,True,0x8df04d551e3f7f5b03a67de79184bb919a97bbde,2025-05-10 07:07:11,0xc76225124f3caab07f609b1d147a31de43926cd6,SFI,WETH,0x1d2aae40e9319bd0aad59ab8548e6dda59d14e33e4c754d90f40456ac01f526a
4.787910065447362,0.8929952870844664,8.826806057892725,0xc6286fe285e0f39a074bc08cf524b7cc7854216cdc1c2a00080128a82d7f6612-0,1.8555301828502622,140,True,0x8df04d551e3f7f5b03a67de79184bb919a97bbde,2025-05-10 07:04:59,0xc76225124f3caab07f609b1d147a31de43926cd6,SFI,WETH,0xc6286fe285e0f39a074bc08cf524b7cc7854216cdc1c2a00080128a82d7f6612
4.78226800808496,0.8896390901631248,8.820713228755997,0x8dd62172f72406f91c9e35739f9344426b734972c45f8d3ef06fcf6ede49faef-0,1.8507324165846009,193,True,0x8df04d551e3f7f5b03a67de79184bb919a97bbde,2025-05-10 07:03:23,0xc76225124f3caab07f609b1d147a31de43926cd6,SFI,WETH,0x8dd62172f72406f91c9e35739f9344426b734972c45f8d3ef06fcf6ede49faef
4.787910065447362,0.8896390901631248,8.82075749165312,0x7619a48460af69adfa40cfca4dea6419885e22508c7462cb504ae2a274514f26-0,1.8531343658660124,305,True,0x8df04d551e3f7f5b03a67de79184bb919a97bbde,2025-05-10 07:01:47,0xc76225124f3caab07f609b1d147a31de43926cd6,SFI,WETH,0x7619a48460af69adfa40cfca4dea6419885e22508c7462cb504ae2a274514f26
4.787910065447362,0.8896390901631248,8.820221639565963,0x17ee3523848d69af7bf8e56276fbcc856971ae1a6b1d6b0f5d8c08cdeb215f9e-0,1.8531343658660124,225,True,0x8df04d551e3f7f5b03a67de79184bb919a97bbde,2025-05-10 06:59:47,0xc76225124f3caab07f609b1d147a31de43926cd6,SFI,WETH,0x17ee3523848d69af7bf8e56276fbcc856971ae1a6b1d6b0f5d8c08cdeb215f9e
10.460382592857759,0.01552080243852139,4.315106878077636,0x2f042d487ad9c8b8779e708c49730d20418ec7bc996e790d6e8866517f8880e4-0,0.0007344926753073092,242,True,0x3d12678ccf6d4bd00fa8e522c60d7e698f971fb0,2025-05-10 06:55:59,0x840abe77f14c3a850a264b59feafe0bfa75807ec,VUP,WETH,0x2f042d487ad9c8b8779e708c49730d20418ec7bc996e790d6e8866517f8880e4
23.972311368812914,1.0946353501402368,8.453951313912494,0x37d6dd2f6150b04659fac87fbf3fbca1ecbadb5e4c5dae920e5633cfc25cba40-0,12.328009508624978,320,True,0xcfee37da8b59a69c6bb2947b86afa87545eb068c,2025-05-10 06:51:35,0x803abc09ff5d912ed34c755234856505f34806b9,üêçLAPTOP,WETH,0x37d6dd2f6150b04659fac87fbf3fbca1ecbadb5e4c5dae920e5633cfc25cba40
1.8588989344212354,20.656974937596974,12.093852479178274,0x910973e5c9b5380b035d84856978acbc491154990521a4a061c2e55757bc3fd9-0,11.156264806643742,306,True,0x5dbb6ef4e996e6e6d2667db8682de8e4f6693314,2025-05-10 06:40:23,0x8493748befb48d04c13f5cd8eee4cb9d1a080884,WETH,D.O.G.E,0x910973e5c9b5380b035d84856978acbc491154990521a4a061c2e55757bc3fd9
24.08167543715238,1.002835333274341,8.316746692686417,0x4d59ad00d52007a8b040d4f87580ce3ac6dbb32a5207ef21cb7e4a8c9602e2df-0,12.313632825461116,199,True,0x08d826765d17ef1ddefd211de41ea0f18b6b4c7f,2025-05-10 06:25:23,0x8262d960349dbe7f8cda6db3f518512449a08fc1,ORBIT,WETH,0x4d59ad00d52007a8b040d4f87580ce3ac6dbb32a5207ef21cb7e4a8c9602e2df
7.0156788086117645,0.5996879705628362,8.266975474663925,0xc04fe6540bb1e5101bd4ade1f2f3713fe1287eb459b38b7bf69ff2b29373e057-0,2.9641437208159517e-05,114,True,0xfddfd260c48912d3a89d67cc4d63baa49712f4bc,2025-05-10 06:19:35,0x9dabf0c69ae3ff9eea6cfc993294fd56ddd7ec9d,BWS,WETH,0xc04fe6540bb1e5101bd4ade1f2f3713fe1287eb459b38b7bf69ff2b29373e057
7.797087635728002,1.6527734845052677,0.0,0xbb807494b2249e97cec3937cbde822279f03f1b2ef2a180264398e1095cc1753-0,4.627113314750444,300,True,0x6e044add8f929cb9d7fd4ed7ecaa2a6f999cf6d9,2025-05-10 06:14:47,0xb021323fd4972e8b659e9289e8137b891a53fe44,pFLUID,pfWETH-10,0xbb807494b2249e97cec3937cbde822279f03f1b2ef2a180264398e1095cc1753
10.954456972898484,0.8136031858394244,8.69769300933185,0xf858552403909425e78ee29a8d417c1001ce231b4ff6ad8ebb839083573bef2b-0,5.366963875262846,191,True,0xec621e189e7fe5820ba8e588a9d97fb4ad75aeef,2025-05-10 06:11:35,0x41aabdd22171e405a8e7b98adcff36db2ce0f68a,BLOCK,WETH,0xf858552403909425e78ee29a8d417c1001ce231b4ff6ad8ebb839083573bef2b
11.46708835549724,0.013179386974406165,4.145195160977542,0x07b6c28deb8c089a6f6cd0bc8d86f14a7c5cea661b5853187d0c4c14c0eb96d9-0,0.0011167620543814313,314,True,0x3d12678ccf6d4bd00fa8e522c60d7e698f971fb0,2025-05-10 05:42:59,0xe8e6c72f6bd1516f73a0926186988be01fafc5f1,EMPEROR,WETH,0x07b6c28deb8c089a6f6cd0bc8d86f14a7c5cea661b5853187d0c4c14c0eb96d9
11.64216391755339,0.00732440583094732,3.5672869151421613,0x23ed007bb9aab74f94d8e18555fd44b196a8c0db41d895a23ad978d4575ad934-0,0.0009114468003275588,270,True,0x3d12678ccf6d4bd00fa8e522c60d7e698f971fb0,2025-05-10 05:37:47,0xa8ed2ba3385b60d0f45c097b29c05dc1a6a2dc51,EMPEROR,WETH,0x23ed007bb9aab74f94d8e18555fd44b196a8c0db41d895a23ad978d4575ad934
24.519471411585663,0.2034014041415566,6.27104996302361,0x245f4ce0f3b2c2e12d12bf1b8c2b1c8f1ae49d7cf00bd34e7936c854d625afe3-0,1.3872579674409617,104,True,0x84914a388b4642567ffbd555a4cb43b49d32ed4b,2025-05-10 05:35:23,0x48fffd74cd51f42389fed6fa1414be26309e4f45,RATO2.0,WETH,0x245f4ce0f3b2c2e12d12bf1b8c2b1c8f1ae49d7cf00bd34e7936c854d625afe3
24.089550721537215,0.9978898409008791,8.296416353636864,0x86e0b0af68e97d62f3bedb647355a8a4b7fb283cd2268f23422f70946881e77c-0,12.313632825461116,476,True,0x08d826765d17ef1ddefd211de41ea0f18b6b4c7f,2025-05-10 05:20:11,0xe4132d57b9f8a1ba67578a96932a356bbfe06fc2,CCAT,WETH,0x86e0b0af68e97d62f3bedb647355a8a4b7fb283cd2268f23422f70946881e77c
19.06066723207471,0.24487616926348932,7.169153312077098,0xdb78b12e06a1fcae983391dc2f825dff3c3eaf45ef1cf10e9a5cd35e891f6ecd-0,8.872909451045203,86,True,0x053023aa41962aa971b701eec728673a331f46a3,2025-05-10 05:16:35,0x80c0739d669c15db244f9c158c15dd06e63cf814,GAME,WETH,0xdb78b12e06a1fcae983391dc2f825dff3c3eaf45ef1cf10e9a5cd35e891f6ecd
0.6547544292906342,20.611280015308793,7.679436181415012,0xbe912a6ba52017a2ffcd5bf472e62df09da51ab5d55ac2bc70bcb92601cabfcf-0,0.6441265391932132,293,True,0xad7ba785a8bb2b76aacd9442c8326cf41d783303,2025-05-10 05:15:11,0xe146f8a64c0b872a991cc05d39d0edbbe6ab2da1,WETH,XLITE,0xbe912a6ba52017a2ffcd5bf472e62df09da51ab5d55ac2bc70bcb92601cabfcf
2.00452122231927,0.10015078801888799,6.20170716040253,0x260c0128a5381c949bcb2f3e401ac23d758b7ebeb930dbb08de7adac967c15ea-0,0.5698366419657593,127,True,0x265ea14ad9e2118551d0aed5cf04fdcec44bfe60,2025-05-10 05:14:35,0xf2f84c274f715ba1fe7d1d28a4e377fb59a33386,NAMI,WETH,0x260c0128a5381c949bcb2f3e401ac23d758b7ebeb930dbb08de7adac967c15ea
20.311423983379125,0.8170989359176821,7.991675339323128,0x71f10f5c416128dec446eaf22098e9b9d789dc7b53410b3038b658bd993c2d04-0,0.6495392287486923,388,True,0x5075cb224587a8d39f2cfb87f6dab0b98a1be641,2025-05-10 05:14:23,0x1cefbcf75491db5509af55131553d5b4b52a1258,CALLMEMABY,WETH,0x71f10f5c416128dec446eaf22098e9b9d789dc7b53410b3038b658bd993c2d04
1.512928915387775,18.25121027047376,9.714437538397194,0x3d065041d1e6df211e6eb0bb566b5ea95ba3b4b09523628c63656ebff39685bc-0,9.724009364693,127,True,0x8f59b621b3b1e440f28d4d5a4760cbd8d7af84d0,2025-05-10 05:08:59,0x491ef6e4d22f2779a468c375e75a1c5bedcb90e8,WETH,DTOR,0x3d065041d1e6df211e6eb0bb566b5ea95ba3b4b09523628c63656ebff39685bc
17.565314141601593,19.17132630786389,4.683703295830907,0x1144c80bd688bac3eb394f65d7c48ba38f05f285866b8b483a88b4850fb02a47-0,4.562878662495201,246,True,0xfadfea0ed7ee88af64630ba39b69be3e0e1c2bf4,2025-05-10 05:07:47,0x70d44eb7035ce5f90fe9c6b7dcc0aa08710d4f19,TRUMP,SLACK,0x1144c80bd688bac3eb394f65d7c48ba38f05f285866b8b483a88b4850fb02a47
0.04895246249318623,7.248702350053529,15.698268362614494,0x60c39115db4c4c72a2f915c11254d0ccbfa2d1c0712eba4bb070ba893519e0cd-0,2.180700037044349,62,True,0x265ea14ad9e2118551d0aed5cf04fdcec44bfe60,2025-05-10 05:04:11,0xf2f84c274f715ba1fe7d1d28a4e377fb59a33386,NAMI,WETH,0x60c39115db4c4c72a2f915c11254d0ccbfa2d1c0712eba4bb070ba893519e0cd
24.088631456724585,0.9984235614126774,8.29412707854529,0x1ade95e3bc0110342a46d851f28162e169b0c8d867dc1daef52a3abd7fa57da9-0,12.313632825461116,507,True,0x08d826765d17ef1ddefd211de41ea0f18b6b4c7f,2025-05-10 04:35:11,0xdebf63bf50be4fe6435e8bf02f1393e8d7d204e9,CERCHAIN,WETH,0x1ade95e3bc0110342a46d851f28162e169b0c8d867dc1daef52a3abd7fa57da9
0.012982890990298594,11.323976886740379,4.1270197050646695,0x884f03a56a2a57ca87c44ef6e7534749f906b35550d21d2730019d557b3c137f-0,0.0009367500992882333,184,True,0x9e516f6fcef18d097440059cfe48d9ec71ecd46a,2025-05-10 04:33:47,0x2f8c95150c46e4a0dce237adfdb53bb843fc27c7,WETH,RATIE,0x884f03a56a2a57ca87c44ef6e7534749f906b35550d21d2730019d557b3c137f
24.08167543715238,1.002835333274341,8.301639256476648,0x459f288f1957afabfa576e018a0e5ece1843ae30561e864f1c34bf04ecab17a9-0,12.313632825461116,463,True,0x08d826765d17ef1ddefd211de41ea0f18b6b4c7f,2025-05-10 04:17:11,0x7eb9368c01a51b1da4a2097ab13b62e301881b32,CORTEX,WETH,0x459f288f1957afabfa576e018a0e5ece1843ae30561e864f1c34bf04ecab17a9
25.086285525811736,0.8625710676557705,8.763130429945493,0xd2d9422d6e14faad5bf8c976b12ac8094375a7861b8a435f7269854b8acc2240-0,2.4292961615271573,73,True,0x84914a388b4642567ffbd555a4cb43b49d32ed4b,2025-05-10 04:14:59,0x48fffd74cd51f42389fed6fa1414be26309e4f45,RATO2.0,WETH,0xd2d9422d6e14faad5bf8c976b12ac8094375a7861b8a435f7269854b8acc2240
26.57402491238005,0.7076018995603202,7.7847668025853,0x3e889d064a45377f76c74db2e91456ebdbcd9aff1d2e5189e4f4bf0cb45c853f-0,2.9912199932267503,689,True,0x908418d439396843040a66a6bc2e759dddc63e62,2025-05-10 03:57:47,0xca2d81e4579e10554b3e6bc29b732338385b3284,bRato,WETH,0x3e889d064a45377f76c74db2e91456ebdbcd9aff1d2e5189e4f4bf0cb45c853f
3.0572453988888477,0.0064346562244702995,3.4397384745434882,0xef3c601041e445fe476d67d941d5bedca8d41338436b8091e81da1399e22b97e-0,0.26445076214142504,572,True,0xd65e3394aa8403bf20afdd5a8f8b0011dee1e71a,2025-05-10 03:45:59,0x7924a818013f39cf800f5589ff1f1f0def54f31f,LON,WETH,0xef3c601041e445fe476d67d941d5bedca8d41338436b8091e81da1399e22b97e
0.8103418896951201,20.135113241390105,7.979961337460941,0x596784f9bff41a92b86d3d87e2fb0395afee475678d8ddafe6e3cd4a89c97d09-0,0.6056627183362475,53,True,0xa23d2ad4b351712810cd4f53e5899f90fd952f29,2025-05-10 03:27:11,0x269aec03c4e743358cfb3668715fa4487475bd9e,WETH,RATY,0x596784f9bff41a92b86d3d87e2fb0395afee475678d8ddafe6e3cd4a89c97d09
18.366285205956768,2.2680971686217335,11.374105373268575,0xbf71631ff75ed6cf45321872002a86c14554b1d5bdcb12518ef48799b19929a2-0,10.25938436346129,368,True,0x4899ae89361624ee0e893bb744929198bbe77300,2025-05-10 03:24:59,0x161183b44ce8f5d53ea3b76f8f38a7d2deae7a2b,MOOG,WETH,0xbf71631ff75ed6cf45321872002a86c14554b1d5bdcb12518ef48799b19929a2
11.286922797312483,0.009968447172565587,3.868548045196906,0x0f0f4d3f115857daa0ad218fd98332e6033fa89b8789bf03a6287ab5deabce0b-0,0.0008894715063377738,47,True,0x3d12678ccf6d4bd00fa8e522c60d7e698f971fb0,2025-05-10 03:14:35,0x102bbcd5ed2f491006b980308118b75c23c4470b,CIK,WETH,0x0f0f4d3f115857daa0ad218fd98332e6033fa89b8789bf03a6287ab5deabce0b
25.726866292419615,1.1481597622304156,9.21999717899438,0x3276165c9a701d91d5d1718e5bb36f2020b99f097a49d73affbd140a728c5511-0,2.9381475933369003,221,True,0x378397025e646b0ff724091fb81a03ba33066c3b,2025-05-10 03:14:23,0x49bb8ad698ca5ec5c0beb2d78ecfa5620089c21f,Ethereum,WETH,0x3276165c9a701d91d5d1718e5bb36f2020b99f097a49d73affbd140a728c5511
19.34700835284595,0.7078894622971487,7.787134578625607,0x059fb9ecd39ab5cdcbe9213d27aad781443c898ab3b3314d66ac8448d11f8b1c-0,9.688158109934198,239,True,0xcf0f0f52c755d5290df72354cad5be69e5e075e9,2025-05-10 03:13:23,0xfe9572c793910d7a702ec074049e3596e0953418,TRENCHDOG,WETH,0x059fb9ecd39ab5cdcbe9213d27aad781443c898ab3b3314d66ac8448d11f8b1c
18.842273344544456,0.7177184412904505,7.806409495219486,0xfc047309a99cef5c3dccf58ea01f24e5680d33779c0259b1e73ae01410a17935-0,9.445421240415719,401,True,0x0b0835b155eef9eef2aa177c7883d34271204bde,2025-05-10 03:12:59,0x5f26ee836f698abc129f26946964a8c8206b30b6,PEEN,WETH,0xfc047309a99cef5c3dccf58ea01f24e5680d33779c0259b1e73ae01410a17935
24.08167543715238,1.002835333274341,8.303503340767131,0x6688a9280a89713490b00819f9bb52b86409518f3dbbf02c4cafe57cf0182f4c-0,12.313632825461116,644,True,0x08d826765d17ef1ddefd211de41ea0f18b6b4c7f,2025-05-10 03:12:59,0xafc097240414775830270340bbc651023b5d0a32,CLST,WETH,0x6688a9280a89713490b00819f9bb52b86409518f3dbbf02c4cafe57cf0182f4c
19.173986445312252,0.8812139318712581,8.104052453486384,0x778515067a36950af1058b3e649e7ff370b33e2fe7767faf2e5c3a34bada4377-0,9.759704249670554,41,True,0xc66bbc593799835933605af2369e44368d35b433,2025-05-10 03:11:59,0xbc96ed8a68b703a8c6ba944abd0ba6898bd2b4cc,ER,WETH,0x778515067a36950af1058b3e649e7ff370b33e2fe7767faf2e5c3a34bada4377
0.7949142026436804,20.173025708462923,7.952008320001483,0x7b6e570d8061c1e09c06a696097477536f7e939e45da34b5897d09e4cd31523f-0,10.183333242236873,85,True,0x24ca240adea6ba66d47a54b33210dc083915c31e,2025-05-10 03:10:47,0x2403c0e244b93f82b196c38f4d4dd547013b5bce,WETH,Bulo,0x7b6e570d8061c1e09c06a696097477536f7e939e45da34b5897d09e4cd31523f
20.14256770623448,0.8891640503747965,8.117663477857318,0xcc7855606d5a2ee67c6fd3ff6d2dcb22c63925a58183bf16a805e4c13d0cc677-0,10.250096497530174,333,True,0x6427655e4f7f3c258645f3802e7bc0c8d6c80ca5,2025-05-10 03:09:59,0x905246761c272ec63a999569b4320f45dfad3474,MegavoltTrailblazer,WETH,0xcc7855606d5a2ee67c6fd3ff6d2dcb22c63925a58183bf16a805e4c13d0cc677
24.12323096562711,0.33487972682198813,6.836708254190195,0xcf05985fb2c60f468c5e2c703644464819a6c9cb718e99c270a4e9fa6eae978c-0,1.4513461495192936,10,True,0x0138997ac48e8530f8f70acf5f0c14aeae6ee818,2025-05-10 03:08:59,0xe680367a8a6795f8fc8c9d45309f9b69fbcb568e,BABYRATO,WETH,0xcf05985fb2c60f468c5e2c703644464819a6c9cb718e99c270a4e9fa6eae978c
1.1759929788165564,0.006160410157363192,3.3982461978059413,0x8929e955cd9955a7ed7ebd16c1185cd43596d70075ba74871fab049c61b9a31c-0,0.045246662429806704,177,True,0xd65e3394aa8403bf20afdd5a8f8b0011dee1e71a,2025-05-10 03:07:47,0xd3d2e2692501a5c9ca623199d38826e513033a17,UNI,WETH,0x8929e955cd9955a7ed7ebd16c1185cd43596d70075ba74871fab049c61b9a31c
11.568924620950375,0.33616447858004617,7.533878653256635,0xb601db6e6b3e77be04f5955f1b2f8a406ec6ca9a273662c2eaa80d3140c56738-0,4.920809352187473,146,True,0x3982f6a7b4e1a7d204d5594ea9f4f35ef6ecde43,2025-05-10 02:30:23,0x180efc1349a69390ade25667487a826164c9c6e4,BEAM,WETH,0xb601db6e6b3e77be04f5955f1b2f8a406ec6ca9a273662c2eaa80d3140c56738
26.22020444732599,0.8174222812818447,7.993189995252375,0x8da5ba0100ed3222a79c341f09ac13df0902b052a98ab846e0d9b0f113d4e32e-0,2.920058367978225,422,True,0xe60a438b40c375f1bc79adbbccff7c228fe6b9b7,2025-05-10 02:14:35,0x79f273cc9b73c76464f3db3060c2d51c3154ce2a,ADASTRA,WETH,0x8da5ba0100ed3222a79c341f09ac13df0902b052a98ab846e0d9b0f113d4e32e
0.02019936840775325,18.54246517575405,4.569592179031549,0x2f6555f82f5850dd494b4066c4888b883d7b4b2789ae899ce4593acef2c02dbf-0,0.04242295158956862,39,True,0x7e69441ac808eaec102f2bc909014de234c7def4,2025-05-10 02:12:11,0x87162ece32005d96d6e46e44fd2794f52995330a,WETH,KOBUSHI,0x2f6555f82f5850dd494b4066c4888b883d7b4b2789ae899ce4593acef2c02dbf
1.002835333274341,24.08167543715238,8.304054930231706,0x57f7abcce4f740ebcdcd4527c7371fa2804004cf1871cf6749b684b8923f4537-0,12.313632825461116,615,True,0x08d826765d17ef1ddefd211de41ea0f18b6b4c7f,2025-05-10 02:09:11,0xc18a1a114afeea2a3e351d5c60b269eaae477ee6,WETH,DSYNP,0x57f7abcce4f740ebcdcd4527c7371fa2804004cf1871cf6749b684b8923f4537
18.358217237640655,0.0686452247811276,5.11970093558309,0x57a5882d2ca64bb4daf1e0475f68332453bab4c2d3bb2e96fdc2bf22017eda6a-0,1.1112345438257889e-08,115,True,0x8e726a9d1b0fdf7b76acb95547efb38b627e7afc,2025-05-10 02:07:11,0x771fcdf3eebdae8cb49cb0b897f8d76bf201ac60,FAP,WETH,0x57a5882d2ca64bb4daf1e0475f68332453bab4c2d3bb2e96fdc2bf22017eda6a
