amount0,amount1,amountUSD,id,liquidity,logIndex,sender,timestamp,to,token0_symbol,token1_symbol,transaction_id
0.6931471805599453,26.47747998490447,7.817449771112803,0x1a9db09601f764772fda59e514b2436d9d19d7af5e3cc6342049696707e6590e-0,2.931876840516714,405,0x7a250d5630b4cf539739df2c5dacb4c659f2488d,2025-05-10 20:10:59,0x852a82c27c91263213280cef0c6180708d644a7b,WETH,ZOGZ,0x1a9db09601f764772fda59e514b2436d9d19d7af5e3cc6342049696707e6590e
7.679605110777983e-05,4.11654016700138,0.3203578809285626,0x622550653c0171ac262fb5bb1fc53162d60f245a4f74d05c2b99061743c798c1-0,0.05981018357097711,390,0x7a250d5630b4cf539739df2c5dacb4c659f2488d,2025-05-10 20:10:35,0x74d8b81e1ce4d66ec0c63ee212b1cb57180b2da9,WETH,üñ®Ô∏è,0x622550653c0171ac262fb5bb1fc53162d60f245a4f74d05c2b99061743c798c1
9.976491919870583,9.202063217752988,9.893096959861644,0x05f3b834378c740ab6c0fffcd75141864ca57ba0844df4a74629915829962290-0,0.01450059341018714,318,0x7a250d5630b4cf539739df2c5dacb4c659f2488d,2025-05-10 20:09:35,0x0bf47980f9b452cdabd349046696a63843a48d1b,OM,USDT,0x05f3b834378c740ab6c0fffcd75141864ca57ba0844df4a74629915829962290
7.710102763937827e-05,4.116525316637767,0.32141802411064774,0x88eaeab45fe827be2a4ca6fb341acc28981fe440d16e1767fe624be35e6b44bb-0,0.05992501307596965,406,0x7a250d5630b4cf539739df2c5dacb4c659f2488d,2025-05-10 20:08:11,0x74d8b81e1ce4d66ec0c63ee212b1cb57180b2da9,WETH,üñ®Ô∏è,0x88eaeab45fe827be2a4ca6fb341acc28981fe440d16e1767fe624be35e6b44bb
7.679605110777983e-05,4.116541727219591,0.32181274710120256,0xec6bf2ec791bf1c0b4b382df93e67eb3cce12281688acb2c44575ea05268feaf-0,0.05981188953866173,371,0x7a250d5630b4cf539739df2c5dacb4c659f2488d,2025-05-10 20:05:47,0x74d8b81e1ce4d66ec0c63ee212b1cb57180b2da9,WETH,üñ®Ô∏è,0xec6bf2ec791bf1c0b4b382df93e67eb3cce12281688acb2c44575ea05268feaf
7.636908380728404e-05,4.116815736960175,0.3206213831980851,0xd700823155f0645417ad95a56404d0a2da319ffe9a3503fc23f7fb6d866c228d-0,0.05966020235677558,558,0x7a250d5630b4cf539739df2c5dacb4c659f2488d,2025-05-10 20:03:23,0x74d8b81e1ce4d66ec0c63ee212b1cb57180b2da9,WETH,üñ®Ô∏è,0xd700823155f0645417ad95a56404d0a2da319ffe9a3503fc23f7fb6d866c228d
17.323672101765847,0.6931471805599453,8.51706685722792,0x3387571ca4773191a693f07428312a1640a43daa62c177f1d966cbe4b62ded93-0,7.777395112011499,65,0x7a250d5630b4cf539739df2c5dacb4c659f2488d,2025-05-10 20:02:11,0x5b92dd84bac90aca812249d2cea0deeb042ad28b,WOLF,WETH,0x3387571ca4773191a693f07428312a1640a43daa62c177f1d966cbe4b62ded93
7.630808846376006e-05,4.117229770026998,0.32038305778145587,0x66ebb42acafccd8bb9788714980b4c99e00fc952f52859ea9518ef5e4be0cc90-0,0.05965029802620867,897,0x7a250d5630b4cf539739df2c5dacb4c659f2488d,2025-05-10 20:00:59,0x74d8b81e1ce4d66ec0c63ee212b1cb57180b2da9,WETH,üñ®Ô∏è,0x66ebb42acafccd8bb9788714980b4c99e00fc952f52859ea9518ef5e4be0cc90
0.18152451820165524,11.409945887143122,6.903442813351993,0x472227b7fb023eb1b87c7036f8f26e8bf7965048f978205ce3e8658eec66bdf6-0,4.848156637367654,595,0x7a250d5630b4cf539739df2c5dacb4c659f2488d,2025-05-10 20:00:59,0x2640e33714ea0ad4ec2514921ef514add54d06ae,WETH,VERX,0x472227b7fb023eb1b87c7036f8f26e8bf7965048f978205ce3e8658eec66bdf6
0.00015322026117624833,4.796132669787651,0.5643889760426046,0xabbc1b318b54e75cebbfc84b9c05f6e039a5f4302bc9e29abf23560582f24994-0,0.11582594143504972,694,0x7a250d5630b4cf539739df2c5dacb4c659f2488d,2025-05-10 19:58:47,0x74d8b81e1ce4d66ec0c63ee212b1cb57180b2da9,WETH,üñ®Ô∏è,0xabbc1b318b54e75cebbfc84b9c05f6e039a5f4302bc9e29abf23560582f24994
7.65520698155334e-05,4.116601288489199,0.32119611874940096,0x290d5fc51b34bd3f1f9727e322f5f5cf1d846365fb746176137fa8d49b47f6b3-0,0.05972650558236918,431,0x7a250d5630b4cf539739df2c5dacb4c659f2488d,2025-05-10 19:56:11,0x74d8b81e1ce4d66ec0c63ee212b1cb57180b2da9,WETH,üñ®Ô∏è,0x290d5fc51b34bd3f1f9727e322f5f5cf1d846365fb746176137fa8d49b47f6b3
7.643007914708759e-05,4.116643002904483,0.32045905495985616,0xbcf1a924f04c2c359d7c4ca6eb44a6d62820f88b0c733c235af5d5c63610da22-0,0.0596826394411691,425,0x7a250d5630b4cf539739df2c5dacb4c659f2488d,2025-05-10 19:53:47,0x74d8b81e1ce4d66ec0c63ee212b1cb57180b2da9,WETH,üñ®Ô∏è,0xbcf1a924f04c2c359d7c4ca6eb44a6d62820f88b0c733c235af5d5c63610da22
7.630808846376006e-05,4.117216649450762,0.31991268687912094,0x3a0bb9f613b8a7d27c3bdc8a8a4ecc26cfd195ea1d8aacfc3b74fafa006c8061-0,0.059654483331591804,217,0x7a250d5630b4cf539739df2c5dacb4c659f2488d,2025-05-10 19:51:23,0x74d8b81e1ce4d66ec0c63ee212b1cb57180b2da9,WETH,üñ®Ô∏è,0x3a0bb9f613b8a7d27c3bdc8a8a4ecc26cfd195ea1d8aacfc3b74fafa006c8061
7.600311169033366e-05,4.117077601696688,0.31887059220624436,0x97eb53c077dfc9ea31a038930f313bb34fcc76c1b94ae23b88bbc300f69b43c8-0,0.059536067102239174,568,0x7a250d5630b4cf539739df2c5dacb4c659f2488d,2025-05-10 19:48:59,0x74d8b81e1ce4d66ec0c63ee212b1cb57180b2da9,WETH,üñ®Ô∏è,0x97eb53c077dfc9ea31a038930f313bb34fcc76c1b94ae23b88bbc300f69b43c8
20.72326583794641,0.5877866649021191,7.59956668926694,0x12469175c864b7f830507aee1bc13ebc4e894a5bbe72ba1c343ccd6d0deb0a25-0,10.250096497530174,852,0x7a250d5630b4cf539739df2c5dacb4c659f2488d,2025-05-10 19:48:23,0x9f63692895d66b9ae549f78d602cabb884272902,CHUD,WETH,0x12469175c864b7f830507aee1bc13ebc4e894a5bbe72ba1c343ccd6d0deb0a25
3.38824880364192e-05,20.617905322399697,0.15600731112434826,0x84d698320837a2e8f6e5d9d3334b0518ce273b688908281db4fed21873ad7b30-0,5.10113320935339,115,0x7a250d5630b4cf539739df2c5dacb4c659f2488d,2025-05-10 19:47:35,0x2362de4a9198c91ad122679f138fba897bda97a9,WETH,NOVA,0x84d698320837a2e8f6e5d9d3334b0518ce273b688908281db4fed21873ad7b30
7.57591302046247e-05,4.116538191109514,0.3175407624201061,0xa335a90df54070ed4858502e0485e3f2625139f30d87a5b5d7a6be9ad7f7b886-0,0.05942869187402099,413,0x7a250d5630b4cf539739df2c5dacb4c659f2488d,2025-05-10 19:46:23,0x74d8b81e1ce4d66ec0c63ee212b1cb57180b2da9,WETH,üñ®Ô∏è,0xa335a90df54070ed4858502e0485e3f2625139f30d87a5b5d7a6be9ad7f7b886
7.545415326377872e-05,4.116740813861896,0.3164477335630535,0x5f2022c072f13566120b7de794d99538dafaad606ed86712c2cc3f23510520f3-0,0.05931993783889096,460,0x7a250d5630b4cf539739df2c5dacb4c659f2488d,2025-05-10 19:43:59,0x74d8b81e1ce4d66ec0c63ee212b1cb57180b2da9,WETH,üñ®Ô∏è,0x5f2022c072f13566120b7de794d99538dafaad606ed86712c2cc3f23510520f3
25.715339932860378,0.6931471805599453,7.820720255780214,0x0dd5176eddcc66bb67f98d6a9b75d1adad41fa2c465e944225bfa54118a0448a-0,12.857672572486237,42,0x7a250d5630b4cf539739df2c5dacb4c659f2488d,2025-05-10 19:43:59,0x5ab7449ec5d6403cf3e9408e12ea7f178807bd4f,Molly,WETH,0x0dd5176eddcc66bb67f98d6a9b75d1adad41fa2c465e944225bfa54118a0448a
7.594211632448707e-05,4.1167727641241925,0.3181681322822453,0x74482bbfa4959e849eeef29b3cbbb7e2d3faec0b0a5830ee55f2b4286aae7b08-0,0.059506463466536375,428,0x7a250d5630b4cf539739df2c5dacb4c659f2488d,2025-05-10 19:41:35,0x74d8b81e1ce4d66ec0c63ee212b1cb57180b2da9,WETH,üñ®Ô∏è,0x74482bbfa4959e849eeef29b3cbbb7e2d3faec0b0a5830ee55f2b4286aae7b08
7.600311169033366e-05,4.116569431529226,0.31837060753278806,0xa5a231625c87875c3ca56a772112b2d870c584eccac97b71be5937fbcd6863c7-0,0.05952432599550783,491,0x7a250d5630b4cf539739df2c5dacb4c659f2488d,2025-05-10 19:39:23,0x74d8b81e1ce4d66ec0c63ee212b1cb57180b2da9,WETH,üñ®Ô∏è,0xa5a231625c87875c3ca56a772112b2d870c584eccac97b71be5937fbcd6863c7
0.16293173835519012,11.2839959558992,6.781804880818193,0xebdfc26bd09a59546c7bda6a25f2996eb1b44d95e0204e80d8dc59d94d02cdb4-0,4.727400904642692,471,0x7a250d5630b4cf539739df2c5dacb4c659f2488d,2025-05-10 19:37:47,0x2640e33714ea0ad4ec2514921ef514add54d06ae,WETH,VERX,0xebdfc26bd09a59546c7bda6a25f2996eb1b44d95e0204e80d8dc59d94d02cdb4
0.00018054370100513482,0.00746077683002975,3.644588765224708,0x7ab40cb6b4a46617bfea28b1c9c3f06fcc16e8cd22e32d48d7c22f8b799cd5ee-0,8.949360359954475e-09,161,0x7a250d5630b4cf539739df2c5dacb4c659f2488d,2025-05-10 19:37:23,0x9e1e427644cb490cb3c0a7e3af0e32da1e1a116b,WBTC,WETH,0x7ab40cb6b4a46617bfea28b1c9c3f06fcc16e8cd22e32d48d7c22f8b799cd5ee
7.600311169033366e-05,4.116575468296516,0.3180694024896177,0xc0514e161c5ffa3368713cc3835ca0ddec067c9735aeb3ad031019dd8ba3bf86-0,0.05952532566647632,527,0x7a250d5630b4cf539739df2c5dacb4c659f2488d,2025-05-10 19:36:47,0x74d8b81e1ce4d66ec0c63ee212b1cb57180b2da9,WETH,üñ®Ô∏è,0xc0514e161c5ffa3368713cc3835ca0ddec067c9735aeb3ad031019dd8ba3bf86
7.65520698155334e-05,4.11682122553969,0.3199454826389971,0x8b52d90d1d3f2c4cb9a6fc709d9f72d5b2a3a26fe5417d863826797b8617e617-0,0.059740444263743905,564,0x7a250d5630b4cf539739df2c5dacb4c659f2488d,2025-05-10 19:34:23,0x74d8b81e1ce4d66ec0c63ee212b1cb57180b2da9,WETH,üñ®Ô∏è,0x8b52d90d1d3f2c4cb9a6fc709d9f72d5b2a3a26fe5417d863826797b8617e617
0.0017211706614652757,10.619870845756813,2.2575998688525933,0x4d5346c0f8e3b84bc84c4ec5e8aea6bc058358bf8bf1498bb2a296cf2889cc3b-0,0.0001878786395691429,116,0x7a250d5630b4cf539739df2c5dacb4c659f2488d,2025-05-10 19:32:47,0x2b9d5c7f2ead1a221d771fb6bb5e35df04d60ab0,WETH,FLOKI,0x4d5346c0f8e3b84bc84c4ec5e8aea6bc058358bf8bf1498bb2a296cf2889cc3b
0.6931471805599453,18.420680753952364,7.81807798325931,0x52f4f16a68923d948df907c4af1f61296f709ce23ece6a9e6365136c7a941267-0,9.210440366976517,30,0x7a250d5630b4cf539739df2c5dacb4c659f2488d,2025-05-10 19:32:23,0x06b48349e66cd961615d7dbaab62f4685eb2609b,WETH,PEPE832,0x52f4f16a68923d948df907c4af1f61296f709ce23ece6a9e6365136c7a941267
7.612510241086551e-05,4.1167792067321844,0.31812570814702446,0xb3f5f7834578f2e854651be8afb0e3e3461abd7eacb1977da5aa764396e284a6-0,0.05957906840851696,354,0x7a250d5630b4cf539739df2c5dacb4c659f2488d,2025-05-10 19:31:59,0x74d8b81e1ce4d66ec0c63ee212b1cb57180b2da9,WETH,üñ®Ô∏è,0xb3f5f7834578f2e854651be8afb0e3e3461abd7eacb1977da5aa764396e284a6
8.316239839268448,0.004974854255135187,3.249603784725295,0x91bd0a8649b7d190a4d73c1584907b46ab6e3533b379f7ffd48670314707685a-0,0.0001422537142850918,267,0x7a250d5630b4cf539739df2c5dacb4c659f2488d,2025-05-10 19:31:35,0x438664ebf3d60dbd8ae69c4abe2a478adff0c1e8,PEPE832,WETH,0x91bd0a8649b7d190a4d73c1584907b46ab6e3533b379f7ffd48670314707685a
7.588112095492004e-05,4.116059696780868,0.317700436136935,0x7c40bee1bd9725a91ad4f87749ba706f737c6fc46b70050d1dfc464de15f2b9d-0,0.05946644898607834,406,0x7a250d5630b4cf539739df2c5dacb4c659f2488d,2025-05-10 19:29:47,0x74d8b81e1ce4d66ec0c63ee212b1cb57180b2da9,WETH,üñ®Ô∏è,0x7c40bee1bd9725a91ad4f87749ba706f737c6fc46b70050d1dfc464de15f2b9d
0.6931471805599453,26.4758787035375,7.819536804299406,0x195b9c96f883d7c511af5eca1c126b293156d3cc94b94be488edfd0695e6d4d6-0,2.9311188876869676,28,0x7a250d5630b4cf539739df2c5dacb4c659f2488d,2025-05-10 19:27:47,0x8136d6faebe4aa0819731d5a5f4dfe3dd386162e,WETH,BAG,0x195b9c96f883d7c511af5eca1c126b293156d3cc94b94be488edfd0695e6d4d6
7.380727617597949e-05,4.117198984183928,0.3102100281847647,0xf0dcf65f75adef4bdf8df2d892f74f14127d802d1e4b66a67711c6da27ffbbd1-0,0.05871207326334626,306,0x7a250d5630b4cf539739df2c5dacb4c659f2488d,2025-05-10 19:27:11,0x74d8b81e1ce4d66ec0c63ee212b1cb57180b2da9,WETH,üñ®Ô∏è,0xf0dcf65f75adef4bdf8df2d892f74f14127d802d1e4b66a67711c6da27ffbbd1
18.420680753952364,0.6931471805599453,7.819482164530421,0x23e5b3aad59df6c43e504071cafd4c6f78988bd9bd15628c8ef3f7e47c955bea-0,0.2747698924083445,370,0x7a250d5630b4cf539739df2c5dacb4c659f2488d,2025-05-10 19:25:59,0xa444bb53e6e4463d0638599736670a453de72a5c,PEPE832,WETH,0x23e5b3aad59df6c43e504071cafd4c6f78988bd9bd15628c8ef3f7e47c955bea
7.331931207354663e-05,4.116695981439894,0.308333867711647,0xe1b026f96e9434bdaf23dd20f926ffa7ef326723261d5d1fecde9b729d753b4a-0,0.058510576246706164,392,0x7a250d5630b4cf539739df2c5dacb4c659f2488d,2025-05-10 19:25:11,0x74d8b81e1ce4d66ec0c63ee212b1cb57180b2da9,WETH,üñ®Ô∏è,0xe1b026f96e9434bdaf23dd20f926ffa7ef326723261d5d1fecde9b729d753b4a
11.158632032770011,0.004537230364161338,3.1618944214248947,0xaf6ee567f97ebbb39c476a9bd13578a0b0c41fc0a9421b31a7711fc65cf19834-0,0.0005630150561677329,457,0x7a250d5630b4cf539739df2c5dacb4c659f2488d,2025-05-10 19:24:23,0xd9b3b5cfba13ed8ae3edd7ae2e0fe534f2845f0a,PPEPE,WETH,0xaf6ee567f97ebbb39c476a9bd13578a0b0c41fc0a9421b31a7711fc65cf19834
20.7030631306493,0.6931471805599453,7.819050201360073,0xc5da2bb67f9fa9c533a7f3e5abdc225a444a2541bdacd1d201479678aeeeb547-0,0.6881092583445556,110,0x7a250d5630b4cf539739df2c5dacb4c659f2488d,2025-05-10 19:24:11,0xd7860d0abd3e5eefb10398af3ac54eb49a21879b,PPEPE,WETH,0xc5da2bb67f9fa9c533a7f3e5abdc225a444a2541bdacd1d201479678aeeeb547
20.52212836711761,0.6931471805599453,7.819032770414265,0x0902bd3fe583badb0e30a7106f664e1580c8788251a5090a1cde80eb489c5539-0,0.6441265391932132,183,0x7a250d5630b4cf539739df2c5dacb4c659f2488d,2025-05-10 19:23:59,0x1ed26da8325210bdb6679d41dfcd4bf571d25b1c,PEPE832,WETH,0x0902bd3fe583badb0e30a7106f664e1580c8788251a5090a1cde80eb489c5539
0.05826890812397577,13.174429860896918,5.701483950841048,0x316d3b090e873a502cb7f71533b1c1df27207eeed610549db9fed6f11bd562b4-0,0.004657897140415235,245,0x7a250d5630b4cf539739df2c5dacb4c659f2488d,2025-05-10 19:23:35,0xd4f69d02ef082f612558588d103994a7e3cf29c9,WETH,RATIE,0x316d3b090e873a502cb7f71533b1c1df27207eeed610549db9fed6f11bd562b4
0.6931471805599453,26.431226600387156,7.818789346431523,0x1abefde2e860bdb8704ea6fe71b21dbb23e6842beb7b01dff559d8fba1340758-0,2.9099963160820215,10,0x7a250d5630b4cf539739df2c5dacb4c659f2488d,2025-05-10 19:23:23,0x58ef6079407813a56c77f283752940a53c228e5d,WETH,PPEPE,0x1abefde2e860bdb8704ea6fe71b21dbb23e6842beb7b01dff559d8fba1340758
0.5306282510621704,25.105292471632794,7.461840097189459,0x98b7286ecf8d24e0469c0bfb8fd00ab8547de3999b6b9fd2a3fe14de66164fcb-0,2.138101266532066,143,0x7a250d5630b4cf539739df2c5dacb4c659f2488d,2025-05-10 19:22:59,0xa3bbc49fa3234e6493c2bc1a14c2c5f644135223,WETH,BIBO,0x98b7286ecf8d24e0469c0bfb8fd00ab8547de3999b6b9fd2a3fe14de66164fcb
7.338030759937232e-05,4.115908399366988,0.308368902645867,0xa25b0f7425b288491d5f52067af65c7e385e5ade4ae6f862b7122cc4f58ab5f2-0,0.05851196445737924,387,0x7a250d5630b4cf539739df2c5dacb4c659f2488d,2025-05-10 19:22:23,0x74d8b81e1ce4d66ec0c63ee212b1cb57180b2da9,WETH,üñ®Ô∏è,0xa25b0f7425b288491d5f52067af65c7e385e5ade4ae6f862b7122cc4f58ab5f2
7.344130312147755e-05,4.1172195006628485,0.3086666959825131,0x2937ea67d4c473870adb111b89d0d94eff34969c4356eb490ac626541143b792-0,0.058574364614225057,520,0x7a250d5630b4cf539739df2c5dacb4c659f2488d,2025-05-10 19:19:59,0x74d8b81e1ce4d66ec0c63ee212b1cb57180b2da9,WETH,üñ®Ô∏è,0x2937ea67d4c473870adb111b89d0d94eff34969c4356eb490ac626541143b792
7.374628067619695e-05,4.115780587279954,0.3098044809316382,0x5d870560c18b96ddb82b7cf2d3da6632ffc03b0fbbbbec0586be2faf5f5bb4d0-0,0.05865050166250017,316,0x7a250d5630b4cf539739df2c5dacb4c659f2488d,2025-05-10 19:17:23,0x74d8b81e1ce4d66ec0c63ee212b1cb57180b2da9,WETH,üñ®Ô∏è,0x5d870560c18b96ddb82b7cf2d3da6632ffc03b0fbbbbec0586be2faf5f5bb4d0
0.06485414370611116,8.101065176272167,5.786625495695443,0x951506a643db620e643236d8435c45ed39277ab86d1b958dd2354651d93360c4-0,2.7274272723580637,164,0x7a250d5630b4cf539739df2c5dacb4c659f2488d,2025-05-10 19:17:11,0x06d0fee8123d574eef8bd74efa117da0b974abac,WETH,OSCA,0x951506a643db620e643236d8435c45ed39277ab86d1b958dd2354651d93360c4
0.048790164169432,5.01177802238255,5.520013526030372,0x3781bfdfc3a4c68e7b276bd04de512856d5d2b75c4ca84815c0be155afc2aaeb-0,1.0442788665269576,23,0x7a250d5630b4cf539739df2c5dacb4c659f2488d,2025-05-10 19:16:59,0x7efbb184d84e06c27e01d8f41d8f05387ac714f3,WETH,RAI,0x3781bfdfc3a4c68e7b276bd04de512856d5d2b75c4ca84815c0be155afc2aaeb
7.411225361908535e-05,4.116515647724791,0.31119861975188573,0xd64b46ecd23f40918cf05f53b00c60e9f8b235b58e418c9e1dc88c4c8771ab37-0,0.0588130617500809,224,0x7a250d5630b4cf539739df2c5dacb4c659f2488d,2025-05-10 19:14:59,0x74d8b81e1ce4d66ec0c63ee212b1cb57180b2da9,WETH,üñ®Ô∏è,0xd64b46ecd23f40918cf05f53b00c60e9f8b235b58e418c9e1dc88c4c8771ab37
7.392926716438316e-05,4.117124443446451,0.3106106858305605,0xe30956ce3f26a5a8e92e25e0eb37180c0c3ed3c223cc2b4faeac69854a8f08a2-0,0.058761502518917604,444,0x7a250d5630b4cf539739df2c5dacb4c659f2488d,2025-05-10 19:12:47,0x74d8b81e1ce4d66ec0c63ee212b1cb57180b2da9,WETH,üñ®Ô∏è,0xe30956ce3f26a5a8e92e25e0eb37180c0c3ed3c223cc2b4faeac69854a8f08a2
0.048790164169432,5.029864462615628,5.521880436800792,0x4dc4b1e82ab6d8d4ce11cfe2aeed404391e582094535801e9947907214ce1671-0,1.0502034327063654,125,0x7a250d5630b4cf539739df2c5dacb4c659f2488d,2025-05-10 19:12:23,0x7efbb184d84e06c27e01d8f41d8f05387ac714f3,WETH,RAI,0x4dc4b1e82ab6d8d4ce11cfe2aeed404391e582094535801e9947907214ce1671
7.380727617597949e-05,4.1165726619212135,0.3105065845699636,0x10b4940bec9d3592c2671de88d12f859667a50d3265c0f3d4fe14bcc0b07f57c-0,0.05869939591811456,464,0x7a250d5630b4cf539739df2c5dacb4c659f2488d,2025-05-10 19:10:11,0x74d8b81e1ce4d66ec0c63ee212b1cb57180b2da9,WETH,üñ®Ô∏è,0x10b4940bec9d3592c2671de88d12f859667a50d3265c0f3d4fe14bcc0b07f57c
21.652801795865322,0.6931471805599453,7.823150975432148,0x335fa7f280bdf8de0227d11c771d6dbf396b8dc8c8a8095ad024648080ddf498-0,10.826420765523284,47,0x7a250d5630b4cf539739df2c5dacb4c659f2488d,2025-05-10 19:08:23,0x614ba496a51f91bfb10431f955dfde63b1cabadd,Peplicator,WETH,0x335fa7f280bdf8de0227d11c771d6dbf396b8dc8c8a8095ad024648080ddf498
7.380727617597949e-05,4.1166988912019,0.31127487465102505,0xebbeb46fe4d9efe189c6220bcb0a742d58f07fcad749ad95cb0887aecf5487cd-0,0.05870387509481357,401,0x7a250d5630b4cf539739df2c5dacb4c659f2488d,2025-05-10 19:07:47,0x74d8b81e1ce4d66ec0c63ee212b1cb57180b2da9,WETH,üñ®Ô∏è,0xebbeb46fe4d9efe189c6220bcb0a742d58f07fcad749ad95cb0887aecf5487cd
7.350229863986234e-05,4.116860937319088,0.3102227013276986,0xb4471065986eee24c486c8fa322413db0a348bc46c6a1eb8e2e02a7b4a4d9113-0,0.05859218733943747,342,0x7a250d5630b4cf539739df2c5dacb4c659f2488d,2025-05-10 19:05:23,0x74d8b81e1ce4d66ec0c63ee212b1cb57180b2da9,WETH,üñ®Ô∏è,0xb4471065986eee24c486c8fa322413db0a348bc46c6a1eb8e2e02a7b4a4d9113
26.542018506041842,0.5877866649021191,7.60082303046078,0xf91fad70559d234ee7ad8d12cea5066084b98eeafbbbd90a077298844de9fff2-0,2.856963367344746,9,0x7a250d5630b4cf539739df2c5dacb4c659f2488d,2025-05-10 19:03:47,0x537fa46c233a50ce64ec6fa227b7b03cfc753fd5,DEATH,WETH,0xf91fad70559d234ee7ad8d12cea5066084b98eeafbbbd90a077298844de9fff2
7.374628067619695e-05,4.116807227371707,0.31102757223191346,0x11cc86d58f1a7d79bbef10e972085e0fbd74022cc8620307bb4dda3b65867ead-0,0.05868520829448655,320,0x7a250d5630b4cf539739df2c5dacb4c659f2488d,2025-05-10 19:02:59,0x74d8b81e1ce4d66ec0c63ee212b1cb57180b2da9,WETH,üñ®Ô∏è,0x11cc86d58f1a7d79bbef10e972085e0fbd74022cc8620307bb4dda3b65867ead
7.380727617597949e-05,4.117149324975391,0.3112908793975659,0x8cee316fdcfceb0360c8cfadda127def921be0a7e9dcf1998f470aa4f39f7728-0,0.05871940464325033,482,0x7a250d5630b4cf539739df2c5dacb4c659f2488d,2025-05-10 19:00:35,0x74d8b81e1ce4d66ec0c63ee212b1cb57180b2da9,WETH,üñ®Ô∏è,0x8cee316fdcfceb0360c8cfadda127def921be0a7e9dcf1998f470aa4f39f7728
7.350229863986234e-05,4.117217233140207,0.3101784397790702,0x2d4f31189af510cff14587ad04a05bccdc36fdb9f7cd98a8ee715b416c04c5c7-0,0.05860494777957953,269,0x7a250d5630b4cf539739df2c5dacb4c659f2488d,2025-05-10 18:58:11,0x74d8b81e1ce4d66ec0c63ee212b1cb57180b2da9,WETH,üñ®Ô∏è,0x2d4f31189af510cff14587ad04a05bccdc36fdb9f7cd98a8ee715b416c04c5c7
11.05546358830374,0.00014666905075010395,0.5497091703525157,0x7eab2332f7f6f0b29738809ca8452dfc43543223d3e4d5aca6a8c83aba13c375-0,1.303218301073668,116,0x7a250d5630b4cf539739df2c5dacb4c659f2488d,2025-05-10 18:57:59,0x0bcd9cf27f2c610019e2374df0b32feb41eb4fda,WAGMIGAMES,WETH,0x7eab2332f7f6f0b29738809ca8452dfc43543223d3e4d5aca6a8c83aba13c375
10.889139944846248,0.00012446762470301104,0.48358235057097715,0x64cef1c8104b231a929f6ecc8057585cbca03302f5dc11b07815fa59fbd77659-0,1.1856390045045002,625,0x7a250d5630b4cf539739df2c5dacb4c659f2488d,2025-05-10 18:56:23,0x0bcd9cf27f2c610019e2374df0b32feb41eb4fda,WAGMIGAMES,WETH,0x64cef1c8104b231a929f6ecc8057585cbca03302f5dc11b07815fa59fbd77659
10.326669951903776,0.008057778134784461,3.723739039133744,0xd94dcf3f6216542fde31c16b02f37654ce5acc6bdc2936cd2700fc69a64842bd-0,2.8040859381731673,194,0x7a250d5630b4cf539739df2c5dacb4c659f2488d,2025-05-10 18:56:11,0x000000000000000000000000000000000000dead,EVO,WETH,0xd94dcf3f6216542fde31c16b02f37654ce5acc6bdc2936cd2700fc69a64842bd
7.325831654400048e-05,4.116663015786486,0.3093131530679879,0xa21c0f7abb9c6d7b7bedbf6ca0b217d7baf539a2178de9a8a01377b01430bfea-0,0.0584956599413308,404,0x7a250d5630b4cf539739df2c5dacb4c659f2488d,2025-05-10 18:55:47,0x74d8b81e1ce4d66ec0c63ee212b1cb57180b2da9,WETH,üñ®Ô∏è,0xa21c0f7abb9c6d7b7bedbf6ca0b217d7baf539a2178de9a8a01377b01430bfea
0.6931471805599453,20.7030631306493,7.823461557451179,0xeeadba68408ab7fe69344565e91ab908755a6186751a1c240c17d7e597cd6c20-0,0.6881092583445556,175,0x7a250d5630b4cf539739df2c5dacb4c659f2488d,2025-05-10 18:54:35,0x34de93909292bbeb0f3004a6b9d5413a9e5b0110,WETH,GOLDY,0xeeadba68408ab7fe69344565e91ab908755a6186751a1c240c17d7e597cd6c20
0.0344014267173324,12.446669769207007,5.169504825677803,0x56b5fa905894673dc39cdb2d61dd3eb35fd1016b6dce1b602de4a5959bf2430e-0,0.002476701234021592,324,0x7a250d5630b4cf539739df2c5dacb4c659f2488d,2025-05-10 18:54:11,0x073f80f96a1b09e72e22486e317bdcf4c4552654,WETH,RATIE,0x56b5fa905894673dc39cdb2d61dd3eb35fd1016b6dce1b602de4a5959bf2430e
18.420680753952364,0.6931471805599453,7.823489078255784,0x55bd6256ad8d9ca0897c8db713ac938cf4b0ac5c54913bbe9c6a23bfda5b7592-0,9.210440366976517,330,0x7a250d5630b4cf539739df2c5dacb4c659f2488d,2025-05-10 18:53:59,0xe4d23edce8d6138d3c7d8c0252f1db23916f0be6,Barato,WETH,0x55bd6256ad8d9ca0897c8db713ac938cf4b0ac5c54913bbe9c6a23bfda5b7592
11.187736187328063,12.797163025364517,11.781082293239523,0xe4b3d97ccb2cd63b05e1264d6d353f62a4181bad016b0f32c8da92f898b78d5d-0,0.14973742537112653,10,0x7a250d5630b4cf539739df2c5dacb4c659f2488d,2025-05-10 18:53:35,0x82886ad5e67d5142d44ed1449c2e41b988bfc0ab,USDC,MAX,0xe4b3d97ccb2cd63b05e1264d6d353f62a4181bad016b0f32c8da92f898b78d5d
7.356329415452666e-05,4.116537655312977,0.3103738215971571,0x1ada62993d4e3258f4bd02b99b09327af524e529ee8789c805cad68905aca01d-0,0.058610218830430924,437,0x7a250d5630b4cf539739df2c5dacb4c659f2488d,2025-05-10 18:53:23,0x74d8b81e1ce4d66ec0c63ee212b1cb57180b2da9,WETH,üñ®Ô∏è,0x1ada62993d4e3258f4bd02b99b09327af524e529ee8789c805cad68905aca01d
20.48399290497264,0.6931471805599453,7.82348102288298,0xf2d78bf63fce49db1f7563569e1dd7dd6162420aa5db44e50c4fe92c9df90f30-0,0.6351169918119905,9,0x7a250d5630b4cf539739df2c5dacb4c659f2488d,2025-05-10 18:52:35,0x90385507d197de9cadde39f91f6b1f9d876fca55,Kururu,WETH,0xf2d78bf63fce49db1f7563569e1dd7dd6162420aa5db44e50c4fe92c9df90f30
0.0049757792517664615,9.009911388679125,3.254892615207314,0x3001eeab268c3a977c171221fd093ae95289084bc292c3e43d8c044b6340977c-0,0.00020120747572225953,94,0x7a250d5630b4cf539739df2c5dacb4c659f2488d,2025-05-10 18:52:23,0x438664ebf3d60dbd8ae69c4abe2a478adff0c1e8,WETH,BOM,0x3001eeab268c3a977c171221fd093ae95289084bc292c3e43d8c044b6340977c
0.0011272450711015136,10.193652448126835,1.8898666900274084,0x078fc35089be74499f9116f7c7418d561eafd5e80b71e3051c7dd3f4ce2304b9-0,0.00012284869027963749,124,0x7a250d5630b4cf539739df2c5dacb4c659f2488d,2025-05-10 18:51:11,0x2b9d5c7f2ead1a221d771fb6bb5e35df04d60ab0,WETH,FLOKI,0x078fc35089be74499f9116f7c7418d561eafd5e80b71e3051c7dd3f4ce2304b9
7.368528517269398e-05,4.11646272675301,0.3096778554535275,0xc8ce354772150516843bdc11bd6bbcb84ef5f2e144b48bce3a18c61152166b7f-0,0.05865572331602802,627,0x7a250d5630b4cf539739df2c5dacb4c659f2488d,2025-05-10 18:50:59,0x74d8b81e1ce4d66ec0c63ee212b1cb57180b2da9,WETH,üñ®Ô∏è,0xc8ce354772150516843bdc11bd6bbcb84ef5f2e144b48bce3a18c61152166b7f
20.72326583794641,0.6931471805599453,7.819124059262214,0x8bc618b6ea8649457ebd58aaa9d25c2cbe5ebf4e836c07af04bcb79b5ef47017-0,10.361664540749818,594,0x7a250d5630b4cf539739df2c5dacb4c659f2488d,2025-05-10 18:49:11,0x4effd4a1f9cf1c54908988d9ceec8387fa850457,SLOINKO,WETH,0x8bc618b6ea8649457ebd58aaa9d25c2cbe5ebf4e836c07af04bcb79b5ef47017
7.344130312147755e-05,4.117135772502104,0.3084891938480818,0x2495165410db18ccab19cecef8a6d6dad02e0497f1deae3b54e8690fea805479-0,0.05858228069853435,608,0x7a250d5630b4cf539739df2c5dacb4c659f2488d,2025-05-10 18:48:23,0x74d8b81e1ce4d66ec0c63ee212b1cb57180b2da9,WETH,üñ®Ô∏è,0x2495165410db18ccab19cecef8a6d6dad02e0497f1deae3b54e8690fea805479
0.004722676411244348,9.631410753917761,3.1969119659732015,0x5ee2d53547790668c9cd66e3608f8268d5c387628140a199ddf3e6bd4c81257b-0,0.000267614363697748,384,0x7a250d5630b4cf539739df2c5dacb4c659f2488d,2025-05-10 18:47:59,0xd9b3b5cfba13ed8ae3edd7ae2e0fe534f2845f0a,WETH,BOM,0x5ee2d53547790668c9cd66e3608f8268d5c387628140a199ddf3e6bd4c81257b
0.6931471805599453,18.420680753952364,7.815871080293951,0x82512242e4eecfda2c3a3ea0a573ee61458b3f322da18a001fefdd6a7a7e5f4d-0,0.2747698924083445,81,0x7a250d5630b4cf539739df2c5dacb4c659f2488d,2025-05-10 18:47:35,0x471dfd6ef20684dd03e91589192a8c29e840c67c,WETH,BOM,0x82512242e4eecfda2c3a3ea0a573ee61458b3f322da18a001fefdd6a7a7e5f4d
0.00014614532025242544,4.79844141925997,0.5405135759165152,0x881285229644a1c870e320d574a45e1c060bd5c9a0fbded787848b326ff11015-0,0.11345683206789074,574,0x7a250d5630b4cf539739df2c5dacb4c659f2488d,2025-05-10 18:46:23,0x74d8b81e1ce4d66ec0c63ee212b1cb57180b2da9,WETH,üñ®Ô∏è,0x881285229644a1c870e320d574a45e1c060bd5c9a0fbded787848b326ff11015
19.837204073478983,0.6931471805599453,7.81468979985286,0xd64df075a45065d326592851d3d9b724b15442b22e25c49d524d3a4ad237ba47-0,0.495968223519103,143,0x7a250d5630b4cf539739df2c5dacb4c659f2488d,2025-05-10 18:43:35,0xc3eed8779b768a43e00014d337365b5b7f0bdfa8,FLAPPY,WETH,0xd64df075a45065d326592851d3d9b724b15442b22e25c49d524d3a4ad237ba47
7.264836104391394e-05,4.115412213848791,0.304742578812302,0x810be81032619a95d2fb111a24c33d73a1c9c4f193c22139663e6cac1342976c-0,0.058227809490250575,714,0x7a250d5630b4cf539739df2c5dacb4c659f2488d,2025-05-10 18:43:35,0x74d8b81e1ce4d66ec0c63ee212b1cb57180b2da9,WETH,üñ®Ô∏è,0x810be81032619a95d2fb111a24c33d73a1c9c4f193c22139663e6cac1342976c
18.420680753952364,0.6931471805599453,7.8145520076366894,0xa7a45430293ab8eaae161878460311a98ef473289f18a3d0dca30efdd736cfa4-0,9.210440366976517,31,0x7a250d5630b4cf539739df2c5dacb4c659f2488d,2025-05-10 18:41:23,0x06b48349e66cd961615d7dbaab62f4685eb2609b,CATO,WETH,0xa7a45430293ab8eaae161878460311a98ef473289f18a3d0dca30efdd736cfa4
7.295333884046291e-05,4.117050145830833,0.30580690193126137,0x61221c3546a9d688435df4e803eb7e95f95601bf2fa47cff73e506bcfbb40671-0,0.05839396665130291,443,0x7a250d5630b4cf539739df2c5dacb4c659f2488d,2025-05-10 18:41:11,0x74d8b81e1ce4d66ec0c63ee212b1cb57180b2da9,WETH,üñ®Ô∏è,0x61221c3546a9d688435df4e803eb7e95f95601bf2fa47cff73e506bcfbb40671
25.338045701722837,0.6931471805599453,7.814717889943414,0xee3dd8e3a6548058e5ee56916a1c38ef17d6671db301f0cd92d773cd1b392d61-0,12.669025997971383,34,0x7a250d5630b4cf539739df2c5dacb4c659f2488d,2025-05-10 18:40:11,0xaded657505e37155f214a14c9d8dce589d70b32e,RocketRanger,WETH,0xee3dd8e3a6548058e5ee56916a1c38ef17d6671db301f0cd92d773cd1b392d61
7.28313477330047e-05,4.11660854047262,0.3051654498726712,0xc897d3c22010a3c3e9eb183dd88fb2cc453a260f474c22262db685faa1a44951-0,0.05833480125326585,733,0x7a250d5630b4cf539739df2c5dacb4c659f2488d,2025-05-10 18:38:47,0x74d8b81e1ce4d66ec0c63ee212b1cb57180b2da9,WETH,üñ®Ô∏è,0xc897d3c22010a3c3e9eb183dd88fb2cc453a260f474c22262db685faa1a44951
0.001096252473494393,10.163222859344593,1.8603632120749594,0xc059fe9ea83822720224ec698d5445ff7db0ca897d52c3ed2d7be63370626f81-0,0.00011931826424438107,180,0x7a250d5630b4cf539739df2c5dacb4c659f2488d,2025-05-10 18:38:47,0x2b9d5c7f2ead1a221d771fb6bb5e35df04d60ab0,WETH,FLOKI,0xc059fe9ea83822720224ec698d5445ff7db0ca897d52c3ed2d7be63370626f81
0.0020325895091035627,10.778623336550549,2.4036687178978196,0x4746049fa7a9aaa2482dbc89661c08b98f791f2cefa623bea1ce4da4dd568f66-0,0.00022105138340631567,91,0x7a250d5630b4cf539739df2c5dacb4c659f2488d,2025-05-10 18:37:23,0x2b9d5c7f2ead1a221d771fb6bb5e35df04d60ab0,WETH,FLOKI,0x4746049fa7a9aaa2482dbc89661c08b98f791f2cefa623bea1ce4da4dd568f66
7.246537432133903e-05,4.1171226544367965,0.3038032565562468,0x26d40a74ba8e977041933a1cd9b0e6ac290d1e0e2ad09cec50bac29ed229932c-0,0.058208759738237234,593,0x7a250d5630b4cf539739df2c5dacb4c659f2488d,2025-05-10 18:36:23,0x74d8b81e1ce4d66ec0c63ee212b1cb57180b2da9,WETH,üñ®Ô∏è,0x26d40a74ba8e977041933a1cd9b0e6ac290d1e0e2ad09cec50bac29ed229932c
16.013137041498375,8.200837258379849,16.706001606257296,0xa4831b0611ebbd4e4cfc14ed58013eb40ccdd7636f0cfde6e1f3ec1b3558cb94-0,0.06696071954185695,318,0x7a250d5630b4cf539739df2c5dacb4c659f2488d,2025-05-10 18:33:59,0x8fc2e9254d7ee286b8ce8841a00ce70a3cd93595,USDC,WETH,0xa4831b0611ebbd4e4cfc14ed58013eb40ccdd7636f0cfde6e1f3ec1b3558cb94
7.222139197248604e-05,4.116795569163838,0.30266117301373346,0x288e22eeb1a5bd79e53ccf324bb096bcd721dd814d69c83d605d5ff9f74a31ff-0,0.05810540116189955,282,0x7a250d5630b4cf539739df2c5dacb4c659f2488d,2025-05-10 18:33:59,0x74d8b81e1ce4d66ec0c63ee212b1cb57180b2da9,WETH,üñ®Ô∏è,0x288e22eeb1a5bd79e53ccf324bb096bcd721dd814d69c83d605d5ff9f74a31ff
7.258736547344274e-05,4.116534220317269,0.3040324369321281,0xfdff1d4bf2929efb90b79d8cba9befa285265a8ff958c65f29d0a68b9d9ae163-0,0.05824058746718052,289,0x7a250d5630b4cf539739df2c5dacb4c659f2488d,2025-05-10 18:31:35,0x74d8b81e1ce4d66ec0c63ee212b1cb57180b2da9,WETH,üñ®Ô∏è,0xfdff1d4bf2929efb90b79d8cba9befa285265a8ff958c65f29d0a68b9d9ae163
7.264836104391394e-05,4.116870613821761,0.30417359850947406,0x660675c03bd1d61c962e4342f50b97c6d1195154da56fd975d3b1abd1f170ec4-0,0.058274732787158896,578,0x7a250d5630b4cf539739df2c5dacb4c659f2488d,2025-05-10 18:29:11,0x74d8b81e1ce4d66ec0c63ee212b1cb57180b2da9,WETH,üñ®Ô∏è,0x660675c03bd1d61c962e4342f50b97c6d1195154da56fd975d3b1abd1f170ec4
7.258736547344274e-05,4.116844431397225,0.3043995779339601,0x5f84aa5a64a81132a3a69ab0ca24cc88774ef913adfc50ba1b43f655417e237e-0,0.05825113669419712,372,0x7a250d5630b4cf539739df2c5dacb4c659f2488d,2025-05-10 18:26:47,0x74d8b81e1ce4d66ec0c63ee212b1cb57180b2da9,WETH,üñ®Ô∏è,0x5f84aa5a64a81132a3a69ab0ca24cc88774ef913adfc50ba1b43f655417e237e
0.005995471188395586,11.857720169607711,3.427515115456918,0xc6ac18319e2e4bb7dde64fa4bb2457e57ac0c2b875ca284eb1b5ef01ee26b334-0,0.0006516951139299625,173,0x7a250d5630b4cf539739df2c5dacb4c659f2488d,2025-05-10 18:26:11,0x2b9d5c7f2ead1a221d771fb6bb5e35df04d60ab0,WETH,FLOKI,0xc6ac18319e2e4bb7dde64fa4bb2457e57ac0c2b875ca284eb1b5ef01ee26b334
7.258736547344274e-05,4.116052366178763,0.30472813123372305,0x77720d463054314756bdefb33ed36992ace27e60e0196332ba2edf0da962f251-0,0.058229005816057666,328,0x7a250d5630b4cf539739df2c5dacb4c659f2488d,2025-05-10 18:24:23,0x74d8b81e1ce4d66ec0c63ee212b1cb57180b2da9,WETH,üñ®Ô∏è,0x77720d463054314756bdefb33ed36992ace27e60e0196332ba2edf0da962f251
7.295333884046291e-05,4.116537774947444,0.30611088872635,0xd8e5c0bc71a3ca00ad3dc846b542823d328fb587e78c6c3e25a12b029f07725c-0,0.058385410478434534,281,0x7a250d5630b4cf539739df2c5dacb4c659f2488d,2025-05-10 18:21:59,0x74d8b81e1ce4d66ec0c63ee212b1cb57180b2da9,WETH,üñ®Ô∏è,0xd8e5c0bc71a3ca00ad3dc846b542823d328fb587e78c6c3e25a12b029f07725c
20.72326583794641,0.6931471805599453,7.816097060087735,0xf548ae61f5f13766511147c1292acdc09a8f43e9897490a349b2e1ad498fa866-0,10.361664540749818,427,0x7a250d5630b4cf539739df2c5dacb4c659f2488d,2025-05-10 18:19:47,0x839c2e0822d777a807d970e1c7f68e8f7db8f16d,SLOINKO,WETH,0xf548ae61f5f13766511147c1292acdc09a8f43e9897490a349b2e1ad498fa866
9.909532573277977,0.004832485381560914,3.2196335548208403,0xa4f64afa13faf13fb19c946414a05e553c648969a7574caa2fa3b6eb18291ebf-0,2.3745002166101474,59,0x7a250d5630b4cf539739df2c5dacb4c659f2488d,2025-05-10 18:19:47,0x000000000000000000000000000000000000dead,EVO,WETH,0xa4f64afa13faf13fb19c946414a05e553c648969a7574caa2fa3b6eb18291ebf
7.295333884046291e-05,4.1169406253491285,0.3061731754452289,0x6220d4288abd8008313631c3ab842f5dbe4bdc59ffba503db67a47bba49cb4a7-0,0.05839788611072688,457,0x7a250d5630b4cf539739df2c5dacb4c659f2488d,2025-05-10 18:19:23,0x74d8b81e1ce4d66ec0c63ee212b1cb57180b2da9,WETH,üñ®Ô∏è,0x6220d4288abd8008313631c3ab842f5dbe4bdc59ffba503db67a47bba49cb4a7
15.682983904709015,7.8672529337909385,16.375673477763655,0xab742f684e3a2f2f51b3e153d1ba906f64e5f2e57ca1c0974d00324b7f6bd31c-0,0.04849735784826835,484,0x7a250d5630b4cf539739df2c5dacb4c659f2488d,2025-05-10 18:17:35,0x9b138b53d7897525ee536d6b07c00e813be57fc6,USDC,WETH,0xab742f684e3a2f2f51b3e153d1ba906f64e5f2e57ca1c0974d00324b7f6bd31c
7.289234328859404e-05,4.117009194559545,0.30594665176525426,0x01f4d40b374230438e4678de5f78fb7e34d2ae851a92dea3e44a11e5c50ac624-0,0.05837709014079613,370,0x7a250d5630b4cf539739df2c5dacb4c659f2488d,2025-05-10 18:17:23,0x74d8b81e1ce4d66ec0c63ee212b1cb57180b2da9,WETH,üñ®Ô∏è,0x01f4d40b374230438e4678de5f78fb7e34d2ae851a92dea3e44a11e5c50ac624
6.479839413584557,0.2335756600252016,7.1722984214222025,0xa52e7488e4d3b3d99eeee89c9c5700f94dc770c82cbf059c4d2d88f6018126c9-0,5.004019442873824e-06,311,0x7a250d5630b4cf539739df2c5dacb4c659f2488d,2025-05-10 18:15:47,0x305b0ae7f2f6725967c465ce3c90f9b6930cbe3f,USDC,WETH,0xa52e7488e4d3b3d99eeee89c9c5700f94dc770c82cbf059c4d2d88f6018126c9
16.496925477097246,0.40931668225130974,7.7706394682725515,0xf084acbf8f997d4205e9d361826e250b89778501e50ef0eae90cd7ef6caf432f-0,0.07710380750956297,199,0x7a250d5630b4cf539739df2c5dacb4c659f2488d,2025-05-10 18:14:47,0x2fb9a255238ff73eef9b1ec197ae9ffed75030ed,WOFL,WETH,0xf084acbf8f997d4205e9d361826e250b89778501e50ef0eae90cd7ef6caf432f
7.350229863986234e-05,4.11711793793208,0.3076171753750846,0x61216bd481d483a576ec63178de6679bc54157bcf26e35b247ba569c5eb1580b-0,0.05861719365350275,575,0x7a250d5630b4cf539739df2c5dacb4c659f2488d,2025-05-10 18:14:35,0x74d8b81e1ce4d66ec0c63ee212b1cb57180b2da9,WETH,üñ®Ô∏è,0x61216bd481d483a576ec63178de6679bc54157bcf26e35b247ba569c5eb1580b
7.289234328859404e-05,4.116641038617789,0.3049890190298002,0xdf5c7bda0966a5888df11691b9d898953109c1fc7fcf0824d7b472b4da4226c8-0,0.05836885672550354,503,0x7a250d5630b4cf539739df2c5dacb4c659f2488d,2025-05-10 18:12:11,0x74d8b81e1ce4d66ec0c63ee212b1cb57180b2da9,WETH,üñ®Ô∏è,0xdf5c7bda0966a5888df11691b9d898953109c1fc7fcf0824d7b472b4da4226c8
0.6931471805599453,26.431226600387156,7.81228148491627,0x2bb0de0a164f1a9d5b2f3560419e9ca68d1b67334e3c1e6d57bed5bcbc244375-0,2.9099963160820215,10,0x7a250d5630b4cf539739df2c5dacb4c659f2488d,2025-05-10 18:12:11,0xe3b6c3eb9dc16004aa6a39f28e97a1260412607a,WETH,YUN,0x2bb0de0a164f1a9d5b2f3560419e9ca68d1b67334e3c1e6d57bed5bcbc244375
1.5357202426205312,9.105090961257085,9.798311219696323,0x0e1a7e3879269850eac935d31cb8c492d37f7f05c45eb8e119c5726dff057ade-0,6.458777352204948e-05,256,0x7a250d5630b4cf539739df2c5dacb4c659f2488d,2025-05-10 18:11:47,0x5bbc6bef58ed9353a87a3121ed508fc50b8bd3b8,WETH,USDT,0x0e1a7e3879269850eac935d31cb8c492d37f7f05c45eb8e119c5726dff057ade
10.510646375092966,0.010812083551609267,4.0018693916628445,0x90f3c57587eed46ebd8814f25821e53fa5590bbf6aea8ef7f7b62f7beee88842-0,3.0311540355867037,153,0x7a250d5630b4cf539739df2c5dacb4c659f2488d,2025-05-10 18:09:59,0x000000000000000000000000000000000000dead,EVO,WETH,0x90f3c57587eed46ebd8814f25821e53fa5590bbf6aea8ef7f7b62f7beee88842
7.264836104391394e-05,4.1164028451348,0.3041357246019589,0xe8b44210f99e290d364a62f1f65af531ce6ca5d5269817881c429b5be2b9d42a-0,0.058268355634976454,345,0x7a250d5630b4cf539739df2c5dacb4c659f2488d,2025-05-10 18:09:47,0x74d8b81e1ce4d66ec0c63ee212b1cb57180b2da9,WETH,üñ®Ô∏è,0xe8b44210f99e290d364a62f1f65af531ce6ca5d5269817881c429b5be2b9d42a
9.350189267092581,0.08325817937915936,6.061976259793262,0x6516ae405bb5418bf50bd3ac4572a436d23311a564e4d85de892850c9129c842-0,2.801313202519373,229,0x7a250d5630b4cf539739df2c5dacb4c659f2488d,2025-05-10 18:08:47,0xc17f39fbce7c3cfdca1a73a21f2f01fbbf58b29f,XCN,WETH,0x6516ae405bb5418bf50bd3ac4572a436d23311a564e4d85de892850c9129c842
7.234338315435344e-05,4.117190944253215,0.30264576323252,0xe93e0dc7a451f861f2e4851663a33583bdb6a720e59033a52ad6e0a888994efe-0,0.058173694980150986,425,0x7a250d5630b4cf539739df2c5dacb4c659f2488d,2025-05-10 18:07:47,0x74d8b81e1ce4d66ec0c63ee212b1cb57180b2da9,WETH,üñ®Ô∏è,0xe93e0dc7a451f861f2e4851663a33583bdb6a720e59033a52ad6e0a888994efe
7.240437873970646e-05,4.116659284618788,0.30290178930222317,0x1f56759081c3314cf56f0d7566464fca44df5ad02776ebe103704c92acd42619-0,0.058182783851685786,401,0x7a250d5630b4cf539739df2c5dacb4c659f2488d,2025-05-10 18:04:59,0x74d8b81e1ce4d66ec0c63ee212b1cb57180b2da9,WETH,üñ®Ô∏è,0x1f56759081c3314cf56f0d7566464fca44df5ad02776ebe103704c92acd42619
7.240437873970646e-05,4.116918866873583,0.3028611258909203,0xe13ea864ed4908cf3d8d790f673262140d4189780acebea2b171afbc21751c38-0,0.05819107240328173,306,0x7a250d5630b4cf539739df2c5dacb4c659f2488d,2025-05-10 18:02:35,0x74d8b81e1ce4d66ec0c63ee212b1cb57180b2da9,WETH,üñ®Ô∏è,0xe13ea864ed4908cf3d8d790f673262140d4189780acebea2b171afbc21751c38
20.54891245099211,0.6931471805599453,7.810802393573572,0x7a1915d2ba90215274db601a7f8554f7e34b27e8b4e661639602f5aac8e9f60d-0,0.6505085050982555,43,0x7a250d5630b4cf539739df2c5dacb4c659f2488d,2025-05-10 18:00:35,0x2fb9a255238ff73eef9b1ec197ae9ffed75030ed,WOFL,WETH,0x7a1915d2ba90215274db601a7f8554f7e34b27e8b4e661639602f5aac8e9f60d
7.197740956410564e-05,4.116708135084544,0.3012183827991522,0x5d40c3490b1c7dfdfd5806b61ad536d29d9145606b233feb52373d942a23246b-0,0.05801985283330647,507,0x7a250d5630b4cf539739df2c5dacb4c659f2488d,2025-05-10 18:00:11,0x74d8b81e1ce4d66ec0c63ee212b1cb57180b2da9,WETH,üñ®Ô∏è,0x5d40c3490b1c7dfdfd5806b61ad536d29d9145606b233feb52373d942a23246b
7.173342709619782e-05,4.116575550874072,0.3002903932180535,0x53999df7a5e75e88300b12d7694a80abc38c78f967300006c1587e4f2c6da632-0,0.057921773350745324,324,0x7a250d5630b4cf539739df2c5dacb4c659f2488d,2025-05-10 17:57:47,0x74d8b81e1ce4d66ec0c63ee212b1cb57180b2da9,WETH,üñ®Ô∏è,0x53999df7a5e75e88300b12d7694a80abc38c78f967300006c1587e4f2c6da632
0.00014358369136840862,4.801330313253864,0.5315103231437592,0xebe6b5a31e3848946d1dab33cb97de7e842384fd62c890268d2a03eead672eeb-0,0.11270670292175065,255,0x7a250d5630b4cf539739df2c5dacb4c659f2488d,2025-05-10 17:55:59,0x74d8b81e1ce4d66ec0c63ee212b1cb57180b2da9,WETH,üñ®Ô∏è,0xebe6b5a31e3848946d1dab33cb97de7e842384fd62c890268d2a03eead672eeb
7.142844892760254e-05,4.116868957147203,0.29949255429301996,0x80d0db89560108517958a0df69bae90cbdb4c2d098a2e9a0beb934a96b4fedc2-0,0.057812714474803156,803,0x7a250d5630b4cf539739df2c5dacb4c659f2488d,2025-05-10 17:52:59,0x74d8b81e1ce4d66ec0c63ee212b1cb57180b2da9,WETH,üñ®Ô∏è,0x80d0db89560108517958a0df69bae90cbdb4c2d098a2e9a0beb934a96b4fedc2
18.56938455437188,0.007957501276922276,3.698267528063941,0x868221f71c80437994f601173773d134cab46061544a986346be67fb5edc0c54-0,0.029875141822361763,375,0x7a250d5630b4cf539739df2c5dacb4c659f2488d,2025-05-10 17:51:59,0xd9b3b5cfba13ed8ae3edd7ae2e0fe534f2845f0a,VUFD,WETH,0x868221f71c80437994f601173773d134cab46061544a986346be67fb5edc0c54
26.542018506041842,0.6931471805599453,7.811677651152434,0xaa3912b6c64f2bc8239bdf0b251291abc69b948782d45e3063faaf75591b5aab-0,2.962452268429181,10,0x7a250d5630b4cf539739df2c5dacb4c659f2488d,2025-05-10 17:51:47,0x03f53f0109879ff318e971e6b96d8023ee54732f,VUFD,WETH,0xaa3912b6c64f2bc8239bdf0b251291abc69b948782d45e3063faaf75591b5aab
7.179442271875548e-05,4.11662536470529,0.30047665952453106,0xd5f207cf6fcddaac5608dfd74fe764458c38e1d4acacfca3991587de54d52b34-0,0.05794931621802179,281,0x7a250d5630b4cf539739df2c5dacb4c659f2488d,2025-05-10 17:50:23,0x74d8b81e1ce4d66ec0c63ee212b1cb57180b2da9,WETH,üñ®Ô∏è,0xd5f207cf6fcddaac5608dfd74fe764458c38e1d4acacfca3991587de54d52b34
7.142844892760254e-05,4.117232286837142,0.3032313357715064,0x32172f5ed89ff396d2e4e9d6ea8fa1c0bf039c8626ba6fc7271e7aa751280eb9-0,0.0578247031788303,325,0x7a250d5630b4cf539739df2c5dacb4c659f2488d,2025-05-10 17:47:59,0x74d8b81e1ce4d66ec0c63ee212b1cb57180b2da9,WETH,üñ®Ô∏è,0x32172f5ed89ff396d2e4e9d6ea8fa1c0bf039c8626ba6fc7271e7aa751280eb9
9.957103445291704,0.005325369884848703,3.322465292113158,0x1c552fdebfe9339798e2a509186076f3fc24078fc1c79bcb1c17d4aefccf3cc5-0,2.4408609359202376,404,0x7a250d5630b4cf539739df2c5dacb4c659f2488d,2025-05-10 17:47:35,0x000000000000000000000000000000000000dead,EVO,WETH,0x1c552fdebfe9339798e2a509186076f3fc24078fc1c79bcb1c17d4aefccf3cc5
10.471392793890645,0.011114607123835673,4.042054270371107,0x4a336e764993d73f48ae2c2f65771ed37087337b7007e04c1c9feac0f8c2a1ac-0,3.0261218326687245,131,0x7a250d5630b4cf539739df2c5dacb4c659f2488d,2025-05-10 17:47:23,0x000000000000000000000000000000000000dead,EVO,WETH,0x4a336e764993d73f48ae2c2f65771ed37087337b7007e04c1c9feac0f8c2a1ac
7.179442271875548e-05,4.116697284323054,0.30452717237256927,0xcff5928af1446cb24f6bd42008f2af926fea782ab89fa0747d25e5a85adc0fec-0,0.0579529410184689,348,0x7a250d5630b4cf539739df2c5dacb4c659f2488d,2025-05-10 17:45:35,0x74d8b81e1ce4d66ec0c63ee212b1cb57180b2da9,WETH,üñ®Ô∏è,0xcff5928af1446cb24f6bd42008f2af926fea782ab89fa0747d25e5a85adc0fec
7.136745328272209e-05,4.116629490196519,0.302592358012429,0x4fc953e398ef63599f7199a96a8ff43faab5225452f9bf47a06a5aa4ae2ba89c-0,0.05778509368972153,446,0x7a250d5630b4cf539739df2c5dacb4c659f2488d,2025-05-10 17:43:11,0x74d8b81e1ce4d66ec0c63ee212b1cb57180b2da9,WETH,üñ®Ô∏è,0x4fc953e398ef63599f7199a96a8ff43faab5225452f9bf47a06a5aa4ae2ba89c
7.295333884046291e-05,4.11702060756208,0.3089438993474027,0x28694192a3d7d31706b16a1cd4580f0f1518c50c6614f0c084742f480b4fc18d-0,0.058415516058026265,429,0x7a250d5630b4cf539739df2c5dacb4c659f2488d,2025-05-10 17:40:47,0x74d8b81e1ce4d66ec0c63ee212b1cb57180b2da9,WETH,üñ®Ô∏è,0x28694192a3d7d31706b16a1cd4580f0f1518c50c6614f0c084742f480b4fc18d
18.420680753952364,0.5877866649021191,7.599423066037828,0xf814411f1b3722f5512b3bb21fdaaf95dc187698b8b9abe737494b2b0d5e09c4-0,9.098880393468418,193,0x7a250d5630b4cf539739df2c5dacb4c659f2488d,2025-05-10 17:38:23,0x82f5263f3ce327baf2ea60fb7eda1ed455899bd8,TOADO,WETH,0xf814411f1b3722f5512b3bb21fdaaf95dc187698b8b9abe737494b2b0d5e09c4
7.277035217369489e-05,4.116443121521972,0.3072289111419863,0x981880f95217a8a3c40755b6e72a1ca4a3484f14bbc49923bb058df759477b43-0,0.05832879483264831,467,0x7a250d5630b4cf539739df2c5dacb4c659f2488d,2025-05-10 17:38:23,0x74d8b81e1ce4d66ec0c63ee212b1cb57180b2da9,WETH,üñ®Ô∏è,0x981880f95217a8a3c40755b6e72a1ca4a3484f14bbc49923bb058df759477b43
9.90514849850382,0.007684576566500536,3.6766286583702006,0x360f1a1284d77d859ce11830f2f68146c44dac85db8164aa59573862bd9b8098-0,2.5864741940859175,170,0x7a250d5630b4cf539739df2c5dacb4c659f2488d,2025-05-10 17:37:11,0x000000000000000000000000000000000000dead,EVO,WETH,0x360f1a1284d77d859ce11830f2f68146c44dac85db8164aa59573862bd9b8098
7.258736547344274e-05,4.1152515715745075,0.3066534582187629,0xed50809c6cafc1caca5833ce1c66f6c8710a897853fea8b0ff832e21f93a0ec7-0,0.05822425454750043,475,0x7a250d5630b4cf539739df2c5dacb4c659f2488d,2025-05-10 17:36:11,0x74d8b81e1ce4d66ec0c63ee212b1cb57180b2da9,WETH,üñ®Ô∏è,0xed50809c6cafc1caca5833ce1c66f6c8710a897853fea8b0ff832e21f93a0ec7
0.0009715408600995327,7.129003932519532,1.7667803147641818,0xc1c5393a442630aa3655eeec7558032fea11de9b4f1fad85dd349e6da5e2cd5d-0,0.6697410989745488,441,0x7a250d5630b4cf539739df2c5dacb4c659f2488d,2025-05-10 17:36:11,0x13cb8918f77c0d2b7c8ffc7283a6ebf7f605019d,WETH,MORRA,0xc1c5393a442630aa3655eeec7558032fea11de9b4f1fad85dd349e6da5e2cd5d
7.758063637366738,0.01730990334035046,4.476990518551257,0x3d09d132378fcb27060094bc3054d83b3d123bece8beda48869212078c5a5932-0,1.4178566389696046,329,0x7a250d5630b4cf539739df2c5dacb4c659f2488d,2025-05-10 17:33:59,0x6bb67eb47bc187e72118eb1c88489301944fff72,XCN,WETH,0x3d09d132378fcb27060094bc3054d83b3d123bece8beda48869212078c5a5932
7.228238756527997e-05,4.117221219388376,0.30489618234899174,0xe0358840caf83dcc1b916b1e4e2ad3882ad46d419361b67dfebea360ff7a6d2a-0,0.05816369759979116,628,0x7a250d5630b4cf539739df2c5dacb4c659f2488d,2025-05-10 17:33:35,0x74d8b81e1ce4d66ec0c63ee212b1cb57180b2da9,WETH,üñ®Ô∏è,0xe0358840caf83dcc1b916b1e4e2ad3882ad46d419361b67dfebea360ff7a6d2a
27.853628135475816,0.6841296457247962,8.492975774407341,0x2654d9e8041f5edd53f80b01ec586e0066cc7c23e76ca73cb1e78d26378c2b92-0,3.4981878575987673,160,0x7a250d5630b4cf539739df2c5dacb4c659f2488d,2025-05-10 17:32:23,0xf5b9d00f6184954d6e725215d9cab5f5698e8bb3,MACI,WETH,0x2654d9e8041f5edd53f80b01ec586e0066cc7c23e76ca73cb1e78d26378c2b92
26.362155346011658,0.5272106530153136,7.453380012916147,0x7b8825325bc966976e15e3979c3ce6855bd4b0019ffa1d01beb67dda5f1b367c-0,2.7060808543803216,185,0x7a250d5630b4cf539739df2c5dacb4c659f2488d,2025-05-10 17:31:47,0x8728685d0dc3b0e3ffeafd33d5d90cef3bfefe7e,GRR,WETH,0x7b8825325bc966976e15e3979c3ce6855bd4b0019ffa1d01beb67dda5f1b367c
7.191641395270938e-05,4.116491310126399,0.3030111899348773,0x12a5d489cb460913f1f655e61077e4ac83753a5871fba0b2c2e28bb851bf5133-0,0.05800107495113649,308,0x7a250d5630b4cf539739df2c5dacb4c659f2488d,2025-05-10 17:31:11,0x74d8b81e1ce4d66ec0c63ee212b1cb57180b2da9,WETH,üñ®Ô∏è,0x12a5d489cb460913f1f655e61077e4ac83753a5871fba0b2c2e28bb851bf5133
7.362428966547056e-05,4.116601175319182,0.3093861600082009,0x39ed1865f463e275eb8824e921dcb0780d70fb65e2278abf97d83c14e0a9a853-0,0.05866773670527343,252,0x7a250d5630b4cf539739df2c5dacb4c659f2488d,2025-05-10 17:28:59,0x74d8b81e1ce4d66ec0c63ee212b1cb57180b2da9,WETH,üñ®Ô∏è,0x39ed1865f463e275eb8824e921dcb0780d70fb65e2278abf97d83c14e0a9a853
9.938446293984793,0.010023376238158792,3.93383315803935,0x0268d505283f42ac01dc71e1d828d3e88f923ce57683a5761e5769355c7e3fb6-0,2.726197928942085,537,0x7a250d5630b4cf539739df2c5dacb4c659f2488d,2025-05-10 17:27:23,0x000000000000000000000000000000000000dead,EVO,WETH,0x0268d505283f42ac01dc71e1d828d3e88f923ce57683a5761e5769355c7e3fb6
7.319732101073389e-05,4.116624033271783,0.3082221810132657,0x6c644a2bd03d71a6b4f065c3f26b2c79472174f972c3127aaace70c3b75e0e76-0,0.05850473216012408,254,0x7a250d5630b4cf539739df2c5dacb4c659f2488d,2025-05-10 17:26:23,0x74d8b81e1ce4d66ec0c63ee212b1cb57180b2da9,WETH,üñ®Ô∏è,0x6c644a2bd03d71a6b4f065c3f26b2c79472174f972c3127aaace70c3b75e0e76
20.72326583794641,0.6931471805599453,7.8181719387585495,0xdfd399fb0381432b297bc547baef93c3b0045cdb2806e142b60f2e6708751724-0,10.361664540749818,291,0x7a250d5630b4cf539739df2c5dacb4c659f2488d,2025-05-10 17:24:59,0x970e722072b001b494e516eec42cd5ed049a9b39,SLOINKO,WETH,0xdfd399fb0381432b297bc547baef93c3b0045cdb2806e142b60f2e6708751724
7.344130312147755e-05,4.116756884930799,0.3085132079331074,0x7b28fcf74a04a9f9040eb1a3e5bb6275f8960c564899e1cb38acd7688b1c0daf-0,0.058603438179431214,472,0x7a250d5630b4cf539739df2c5dacb4c659f2488d,2025-05-10 17:23:47,0x74d8b81e1ce4d66ec0c63ee212b1cb57180b2da9,WETH,üñ®Ô∏è,0x7b28fcf74a04a9f9040eb1a3e5bb6275f8960c564899e1cb38acd7688b1c0daf
7.301433438861133e-05,4.116808658067155,0.3068566364837195,0xf244061858aace328ebc1e011754c0a392d0cf31f32114f235f3377d8e60e62e-0,0.05844103429198156,528,0x7a250d5630b4cf539739df2c5dacb4c659f2488d,2025-05-10 17:21:35,0x74d8b81e1ce4d66ec0c63ee212b1cb57180b2da9,WETH,üñ®Ô∏è,0xf244061858aace328ebc1e011754c0a392d0cf31f32114f235f3377d8e60e62e
0.20135016929395097,0.001902633785241757,2.3471448836415623,0x2a9cc9d51fa15a830dd2a1459467b88be47566223753b28521ad4162364d69d7-0,0.013388419004789747,378,0x7a250d5630b4cf539739df2c5dacb4c659f2488d,2025-05-10 17:20:47,0x10d5c0f04cd0abb21d0b4aed377297ebc60f9ee3,AIUS,WETH,0x2a9cc9d51fa15a830dd2a1459467b88be47566223753b28521ad4162364d69d7
9.95970857026386,0.012068940749347203,4.114956624194149,0x8854a17432318d16c0046247920ed9b66203f49c5e281b9fc37025b0cdc16c2c-0,2.8239188299431297,139,0x7a250d5630b4cf539739df2c5dacb4c659f2488d,2025-05-10 17:20:23,0x000000000000000000000000000000000000dead,EVO,WETH,0x8854a17432318d16c0046247920ed9b66203f49c5e281b9fc37025b0cdc16c2c
7.331931207354663e-05,4.1165155639751,0.3076501035269639,0xe2ade320cec4621600a13a438b035b60c0e50a5590683ff00fb477e5e1594898-0,0.058551002048637224,480,0x7a250d5630b4cf539739df2c5dacb4c659f2488d,2025-05-10 17:18:59,0x74d8b81e1ce4d66ec0c63ee212b1cb57180b2da9,WETH,üñ®Ô∏è,0xe2ade320cec4621600a13a438b035b60c0e50a5590683ff00fb477e5e1594898
0.6931471805599453,26.189797912453745,7.817118038320189,0xf95e6dc5080c35e1df712236e2857940df2e1d094deff12d750edc0d44800efa-0,2.796247060813501,32,0x7a250d5630b4cf539739df2c5dacb4c659f2488d,2025-05-10 17:17:11,0x666e37bf057df682f6ebf3f45e8a26ae47b585e9,WETH,CRATO,0xf95e6dc5080c35e1df712236e2857940df2e1d094deff12d750edc0d44800efa
7.380727617597949e-05,4.117030106284952,0.30952382654294014,0xb963b3d85a5e7918e6980dc5896cfb088786c9ba9ed3850934ad50cca05d8cc4-0,0.05875456594109609,414,0x7a250d5630b4cf539739df2c5dacb4c659f2488d,2025-05-10 17:16:47,0x74d8b81e1ce4d66ec0c63ee212b1cb57180b2da9,WETH,üñ®Ô∏è,0xb963b3d85a5e7918e6980dc5896cfb088786c9ba9ed3850934ad50cca05d8cc4
0.6931471805599453,26.50379729322176,7.817199438690464,0x3e6bf2a632c274f7f8aa3c40d2b7d0fb9a3af3497c92284995666582b44c656a-0,13.251900403615,31,0x7a250d5630b4cf539739df2c5dacb4c659f2488d,2025-05-10 17:15:11,0xe97a42fa525605439dd54a17860ddf2484bfd5c2,WETH,Playtime,0x3e6bf2a632c274f7f8aa3c40d2b7d0fb9a3af3497c92284995666582b44c656a
7.417324909654517e-05,4.116646321859847,0.31082004603700036,0x62e3cd0200bbada17d3b16a8a2420973e683334f2c85b287233f509859c1118b-0,0.05888455975623589,765,0x7a250d5630b4cf539739df2c5dacb4c659f2488d,2025-05-10 17:14:11,0x74d8b81e1ce4d66ec0c63ee212b1cb57180b2da9,WETH,üñ®Ô∏è,0x62e3cd0200bbada17d3b16a8a2420973e683334f2c85b287233f509859c1118b
0.3151344490116631,5.209849645326526e-05,0.22977739683578097,0x127e3620053b92dfa95168429b040dc65fe4621745e87ba9f09dc8d7317133a1-0,0.004343931464742847,110,0x7a250d5630b4cf539739df2c5dacb4c659f2488d,2025-05-10 17:12:47,0x94c01ab23a435a6058808f3aa396fd395bcda723,ORB,WETH,0x127e3620053b92dfa95168429b040dc65fe4621745e87ba9f09dc8d7317133a1
7.429524004030348e-05,4.115034531523896,0.31091722453540716,0x44d411da2dcb8b4b3e32b119d9ab551fae8be2f93d768fdf55cc18aa26b43c2f-0,0.05888492221271529,611,0x7a250d5630b4cf539739df2c5dacb4c659f2488d,2025-05-10 17:11:47,0x74d8b81e1ce4d66ec0c63ee212b1cb57180b2da9,WETH,üñ®Ô∏è,0x44d411da2dcb8b4b3e32b119d9ab551fae8be2f93d768fdf55cc18aa26b43c2f
9.981762438012622,0.010102338681558465,3.938068538842108,0x513288b1e2cf899aeeb9aa8ca37d6a6a75e6c9bc697fecd652082e3366689ecd-0,2.750573846333202,432,0x7a250d5630b4cf539739df2c5dacb4c659f2488d,2025-05-10 17:11:35,0x000000000000000000000000000000000000dead,EVO,WETH,0x513288b1e2cf899aeeb9aa8ca37d6a6a75e6c9bc697fecd652082e3366689ecd
0.6931471805599453,20.72326583794641,7.814993209895389,0x3208c5a71401bc550c1c2207be06b9f0f86a37da9d5b4263e592ef144f0b5348-0,10.361664540749818,711,0x7a250d5630b4cf539739df2c5dacb4c659f2488d,2025-05-10 17:10:47,0x52902067c4e7133b20afd6e6f8ae1bcd5f41b12b,WETH,SLOINKO,0x3208c5a71401bc550c1c2207be06b9f0f86a37da9d5b4263e592ef144f0b5348
7.399026265300434e-05,4.116574651387683,0.3093507549689435,0x14dbdf6ea0ae26095fdf50cd4abaf4229e72240e73db1c8efd3cff98b57ddf7f-0,0.05881392344531782,450,0x7a250d5630b4cf539739df2c5dacb4c659f2488d,2025-05-10 17:09:35,0x74d8b81e1ce4d66ec0c63ee212b1cb57180b2da9,WETH,üñ®Ô∏è,0x14dbdf6ea0ae26095fdf50cd4abaf4229e72240e73db1c8efd3cff98b57ddf7f
9.946681714029502,0.009632165447404766,3.8883341091331807,0x3391f53808f408716fe4c47db5630477032837745afdb5495eced1245095a022-0,2.7120011782715183,118,0x7a250d5630b4cf539739df2c5dacb4c659f2488d,2025-05-10 17:07:11,0x000000000000000000000000000000000000dead,EVO,WETH,0x3391f53808f408716fe4c47db5630477032837745afdb5495eced1245095a022
7.356329415452666e-05,4.116955933361497,0.30751776040184925,0x93c7eab7cbb88e06fac73e2a5aeb39d8f3edaad4b8454d9a154f41788803fadd-0,0.058661787774557266,543,0x7a250d5630b4cf539739df2c5dacb4c659f2488d,2025-05-10 17:06:59,0x74d8b81e1ce4d66ec0c63ee212b1cb57180b2da9,WETH,üñ®Ô∏è,0x93c7eab7cbb88e06fac73e2a5aeb39d8f3edaad4b8454d9a154f41788803fadd
0.09853879118375598,23.943306138337572,5.545532711789571,0x1021d0fa28fd03ac9fe3d85b43277fdb0435ebcc0d34e1eedc7dbb74967b9f08-0,2.9999999999999994e-16,351,0x7a250d5630b4cf539739df2c5dacb4c659f2488d,2025-05-10 17:05:47,0x6621b1b0f7d6b69fe2f73c632b623a59d92cb926,WETH,XDOGE,0x1021d0fa28fd03ac9fe3d85b43277fdb0435ebcc0d34e1eedc7dbb74967b9f08
19.00846741441004,0.6931471805599453,7.809267301001343,0x4d11784a9a208a65c1afe31743aad2b348c85a1e3df81894bbec103a92f82fe7-0,9.504308237248852,75,0x7a250d5630b4cf539739df2c5dacb4c659f2488d,2025-05-10 17:04:59,0xf00796cd29c6a6608cbda1b642edceb900c51d56,RUNA,WETH,0x4d11784a9a208a65c1afe31743aad2b348c85a1e3df81894bbec103a92f82fe7
7.399026265300434e-05,4.11651086254569,0.3081303691084068,0xf5f82582612fcfad8a1a3de175ee42d4deaff3ad87705e5a4f857879b97188ab-0,0.058813660463514994,412,0x7a250d5630b4cf539739df2c5dacb4c659f2488d,2025-05-10 17:04:35,0x74d8b81e1ce4d66ec0c63ee212b1cb57180b2da9,WETH,üñ®Ô∏è,0xf5f82582612fcfad8a1a3de175ee42d4deaff3ad87705e5a4f857879b97188ab
11.082866361842823,0.0001510172252008031,0.5560454828040543,0x93c235fd64be7295436b150268b5d3adf747fca773b5066abb0b56c897061e67-0,1.3239189816552155,448,0x7a250d5630b4cf539739df2c5dacb4c659f2488d,2025-05-10 17:04:11,0x0bcd9cf27f2c610019e2374df0b32feb41eb4fda,WAGMIGAMES,WETH,0x93c235fd64be7295436b150268b5d3adf747fca773b5066abb0b56c897061e67
16.52356082573315,0.6931471805599453,7.809267915173047,0xc416c98a4a2845b0a9a4ded2794a4606916df45c16753ff5f9cf9bac7ed7387d-0,8.262038545095393,77,0x7a250d5630b4cf539739df2c5dacb4c659f2488d,2025-05-10 17:02:23,0xc3e3a016623d0603894a1b6d295ccba92e2e5603,GREM,WETH,0xc416c98a4a2845b0a9a4ded2794a4606916df45c16753ff5f9cf9bac7ed7387d
7.368528517269398e-05,4.1169719291609885,0.3070396572403528,0x9a9b124f285390b6c2c6b3751ba2892f30a9ece174198b4045cf840b764ae363-0,0.05871078270697192,309,0x7a250d5630b4cf539739df2c5dacb4c659f2488d,2025-05-10 17:02:11,0x74d8b81e1ce4d66ec0c63ee212b1cb57180b2da9,WETH,üñ®Ô∏è,0x9a9b124f285390b6c2c6b3751ba2892f30a9ece174198b4045cf840b764ae363
9.914624801129655,0.008584717264346252,3.77185031741864,0x2f115e02f7199bb4b46db23372d1f3c39b01c7148f530ff130a56914d8fbb610-0,2.6434270836826235,159,0x7a250d5630b4cf539739df2c5dacb4c659f2488d,2025-05-10 17:01:59,0x000000000000000000000000000000000000dead,EVO,WETH,0x2f115e02f7199bb4b46db23372d1f3c39b01c7148f530ff130a56914d8fbb610
10.348449510188583,0.012485731966561274,4.143464160664731,0x4523bccb3c1a6c4e4293d38f1f8142aa389ad2a34c60269897ed207b7a8f7e35-0,3.0248390717299696,73,0x7a250d5630b4cf539739df2c5dacb4c659f2488d,2025-05-10 16:59:59,0x000000000000000000000000000000000000dead,EVO,WETH,0x4523bccb3c1a6c4e4293d38f1f8142aa389ad2a34c60269897ed207b7a8f7e35
7.338030759937232e-05,4.117163172695591,0.3066005187531058,0x1b05b41e0cd85430417889cc64b1e2eb352e28582843899b83ea807075dd9d10-0,0.05859973751402586,256,0x7a250d5630b4cf539739df2c5dacb4c659f2488d,2025-05-10 16:59:47,0x74d8b81e1ce4d66ec0c63ee212b1cb57180b2da9,WETH,üñ®Ô∏è,0x1b05b41e0cd85430417889cc64b1e2eb352e28582843899b83ea807075dd9d10
10.642118593395153,0.014291134870015033,4.276852498784369,0xf52d08bd08c86d0c0edae912807d967b4a0a47f928c119c14462dcf0370d5e6d-0,3.2305017283069732,187,0x7a250d5630b4cf539739df2c5dacb4c659f2488d,2025-05-10 16:57:35,0x000000000000000000000000000000000000dead,EVO,WETH,0xf52d08bd08c86d0c0edae912807d967b4a0a47f928c119c14462dcf0370d5e6d
7.319732101073389e-05,4.116484264474352,0.305757660257618,0x47f43a076874bf675032c6f7430e6759c077ce1dbad58790d95f043aa3d6ac79-0,0.05851021942487197,425,0x7a250d5630b4cf539739df2c5dacb4c659f2488d,2025-05-10 16:57:35,0x74d8b81e1ce4d66ec0c63ee212b1cb57180b2da9,WETH,üñ®Ô∏è,0x47f43a076874bf675032c6f7430e6759c077ce1dbad58790d95f043aa3d6ac79
9.971780422285903,0.005227699865896547,3.2902633719193455,0x61ed5526587224aa6a38eeff2fcbee5b64ad136c877c1912f555c94d4a39ee49-0,2.441308651202218,191,0x7a250d5630b4cf539739df2c5dacb4c659f2488d,2025-05-10 16:55:35,0x000000000000000000000000000000000000dead,EVO,WETH,0x61ed5526587224aa6a38eeff2fcbee5b64ad136c877c1912f555c94d4a39ee49
7.362428966547056e-05,4.11719516013235,0.3073307804858441,0xd368f2040d9118380c05a6af4a8c2731e1890a44b34ac011cf6eb4ceb3db5da2-0,0.05869622010568739,517,0x7a250d5630b4cf539739df2c5dacb4c659f2488d,2025-05-10 16:55:11,0x74d8b81e1ce4d66ec0c63ee212b1cb57180b2da9,WETH,üñ®Ô∏è,0xd368f2040d9118380c05a6af4a8c2731e1890a44b34ac011cf6eb4ceb3db5da2
11.138619482414413,0.020930320129561256,4.6565925554308585,0x6997ea50a6308969686315e2ad4d5791bc076d5c94f5c60dbe7cd5cfc38911e1-0,3.657524214990534,40,0x7a250d5630b4cf539739df2c5dacb4c659f2488d,2025-05-10 16:53:35,0x000000000000000000000000000000000000dead,EVO,WETH,0x6997ea50a6308969686315e2ad4d5791bc076d5c94f5c60dbe7cd5cfc38911e1
7.344130312147755e-05,4.116771852793997,0.3065041295947783,0xd94ec6d2dd73c4fa458f7237a2294cd7e127c62d96ee6e7856eabb3926841ae7-0,0.058614236219282634,819,0x7a250d5630b4cf539739df2c5dacb4c659f2488d,2025-05-10 16:52:47,0x74d8b81e1ce4d66ec0c63ee212b1cb57180b2da9,WETH,üñ®Ô∏è,0xd94ec6d2dd73c4fa458f7237a2294cd7e127c62d96ee6e7856eabb3926841ae7
10.646049028943086,0.014593243165364688,4.2968283922976385,0x15cf9269d9f1f912910050035167439cdb7c4760621a4e4b8cbfb323568a1c72-0,3.2435479341668656,248,0x7a250d5630b4cf539739df2c5dacb4c659f2488d,2025-05-10 16:51:47,0x000000000000000000000000000000000000dead,EVO,WETH,0x15cf9269d9f1f912910050035167439cdb7c4760621a4e4b8cbfb323568a1c72
11.488829478153338,0.030381155313872043,5.031633398654214,0xd7b4c6f2ac93439fbfac0ff08a833a3b7c35351ade4486a2be089caed11066b8-0,4.014308712994124,585,0x7a250d5630b4cf539739df2c5dacb4c659f2488d,2025-05-10 16:50:47,0x000000000000000000000000000000000000dead,EVO,WETH,0xd7b4c6f2ac93439fbfac0ff08a833a3b7c35351ade4486a2be089caed11066b8
7.344130312147755e-05,4.117197017671201,0.30663331967390606,0xbec517a2f09766c703decd9124989c7bb79ed20b8baacb729bfdbf8542084650-0,0.058627412309046584,365,0x7a250d5630b4cf539739df2c5dacb4c659f2488d,2025-05-10 16:49:59,0x74d8b81e1ce4d66ec0c63ee212b1cb57180b2da9,WETH,üñ®Ô∏è,0xbec517a2f09766c703decd9124989c7bb79ed20b8baacb729bfdbf8542084650
0.0006170269438739788,15.00425788288156,1.397422227099731,0x7b710b8d9aa1a316365e0bf5a186bfa80183431929f517dcba48fc9119069743-0,0.0014165627149278362,28,0x7a250d5630b4cf539739df2c5dacb4c659f2488d,2025-05-10 16:49:23,0x8a0a9cf493821745f60ad50d53c126637b5c45a7,WETH,W3P,0x7b710b8d9aa1a316365e0bf5a186bfa80183431929f517dcba48fc9119069743
7.350229863986234e-05,4.1168630056975415,0.30674617651208547,0xf1e44d8ba550dea4962115b952dd3a18b677952b2e662bc7bc92944eee71bda5-0,0.05864197523671355,595,0x7a250d5630b4cf539739df2c5dacb4c659f2488d,2025-05-10 16:47:47,0x74d8b81e1ce4d66ec0c63ee212b1cb57180b2da9,WETH,üñ®Ô∏è,0xf1e44d8ba550dea4962115b952dd3a18b677952b2e662bc7bc92944eee71bda5
11.347788858088744,0.010730459111018317,3.9923478353762016,0x56eabbc61daad74b3a09c3cffbca40b2d29b5619aab1bfa707c1fcf701f600b0-0,3.433833897667347,278,0x7a250d5630b4cf539739df2c5dacb4c659f2488d,2025-05-10 16:45:47,0x000000000000000000000000000000000000dead,EVO,WETH,0x56eabbc61daad74b3a09c3cffbca40b2d29b5619aab1bfa707c1fcf701f600b0
7.331931207354663e-05,4.116407196414059,0.3059940746555709,0x068d6e9c5c4fcec3c0e86da6708dc5f0783289bc4b1b26410ec26f8a2b79e4c9-0,0.0585590018893477,380,0x7a250d5630b4cf539739df2c5dacb4c659f2488d,2025-05-10 16:45:11,0x74d8b81e1ce4d66ec0c63ee212b1cb57180b2da9,WETH,üñ®Ô∏è,0x068d6e9c5c4fcec3c0e86da6708dc5f0783289bc4b1b26410ec26f8a2b79e4c9
0.6931471805599453,33.40149604035167,7.810249620296886,0xf10fce687191158d754037ef66bc460bb83b3ddd7f759d85866b14dd8534c40f-0,6.340879408553421,10,0x7a250d5630b4cf539739df2c5dacb4c659f2488d,2025-05-10 16:44:35,0x9d38781de1dcab90ebb93d75dde3644ed7607dea,WETH,KEVIN,0xf10fce687191158d754037ef66bc460bb83b3ddd7f759d85866b14dd8534c40f
7.301433438861133e-05,4.117121155378736,0.30486168800330177,0xbb6a2987cb41ad8030838d66c9c3efb592a0d2cec5412529b37811e30797f903-0,0.05846282598514419,613,0x7a250d5630b4cf539739df2c5dacb4c659f2488d,2025-05-10 16:42:59,0x74d8b81e1ce4d66ec0c63ee212b1cb57180b2da9,WETH,üñ®Ô∏è,0xbb6a2987cb41ad8030838d66c9c3efb592a0d2cec5412529b37811e30797f903
7.295333884046291e-05,4.116606263917313,0.3048076269846971,0xbabc38402391772cd6f2e75c3bfee5ceb7dcc16cad43e49e01a6a17cbb8fd98d-0,0.0584250921472264,662,0x7a250d5630b4cf539739df2c5dacb4c659f2488d,2025-05-10 16:40:23,0x74d8b81e1ce4d66ec0c63ee212b1cb57180b2da9,WETH,üñ®Ô∏è,0xbabc38402391772cd6f2e75c3bfee5ceb7dcc16cad43e49e01a6a17cbb8fd98d
7.264836104391394e-05,4.116681329662401,0.30221442972437607,0x986f1545e537166c692b2ba7a6b4c08398304d31672a3d74ec231bc0ca085380-0,0.05831002641251604,402,0x7a250d5630b4cf539739df2c5dacb4c659f2488d,2025-05-10 16:37:59,0x74d8b81e1ce4d66ec0c63ee212b1cb57180b2da9,WETH,üñ®Ô∏è,0x986f1545e537166c692b2ba7a6b4c08398304d31672a3d74ec231bc0ca085380
24.730599022197065,0.2399220025530276,6.5009806858209975,0x9985fcd69597dcfa8d16b117073f29ab4618db0f7cf1ab41c2e68894e32f03c1-0,11.712766146887455,7,0x7a250d5630b4cf539739df2c5dacb4c659f2488d,2025-05-10 16:37:23,0xbb12658accee628a8feef7cad818cc220a7a241e,VOID,WETH,0x9985fcd69597dcfa8d16b117073f29ab4618db0f7cf1ab41c2e68894e32f03c1
7.222139197248604e-05,4.116992544494307,0.3006160437352639,0xcb4df7b479391af6854f8dc3c95ce8723340c859bde68e22142b7e30bedd4cba-0,0.058154107523816674,335,0x7a250d5630b4cf539739df2c5dacb4c659f2488d,2025-05-10 16:35:35,0x74d8b81e1ce4d66ec0c63ee212b1cb57180b2da9,WETH,üñ®Ô∏è,0xcb4df7b479391af6854f8dc3c95ce8723340c859bde68e22142b7e30bedd4cba
27.63102111592955,0.6931471805599453,7.804383682882759,0xc662860be2490253fe7d655625863f3273f4b0aef45a816eb6547af950966b19-0,3.485010713180571,1606,0x7a250d5630b4cf539739df2c5dacb4c659f2488d,2025-05-10 16:33:59,0xbe3c6b158faf5423f49e47e675e6e14baa7868b3,BRAINROT,WETH,0xc662860be2490253fe7d655625863f3273f4b0aef45a816eb6547af950966b19
7.216039637597162e-05,4.116427932073502,0.30047105278696296,0x9a0e18846dc4d8c18c730926a5aef505a40556e7338108e8fbcc236a3bfe4309-0,0.05811486963471023,436,0x7a250d5630b4cf539739df2c5dacb4c659f2488d,2025-05-10 16:33:11,0x74d8b81e1ce4d66ec0c63ee212b1cb57180b2da9,WETH,üñ®Ô∏è,0x9a0e18846dc4d8c18c730926a5aef505a40556e7338108e8fbcc236a3bfe4309
0.00014483993739972532,4.802216138180428,0.5328269771167892,0x2d6e4718f3cd67fcce4ab609b4c911331410bd19998b6573bc0ba53c48478ff9-0,0.11327622770253103,533,0x7a250d5630b4cf539739df2c5dacb4c659f2488d,2025-05-10 16:31:59,0x74d8b81e1ce4d66ec0c63ee212b1cb57180b2da9,WETH,üñ®Ô∏è,0x2d6e4718f3cd67fcce4ab609b4c911331410bd19998b6573bc0ba53c48478ff9
0.00029093732806649477,5.491249102454007,0.8814136162767217,0xef26f33fa968c90e87054da1cf30a9f6c046c799eff3fc816c351548235765a1-0,0.21544314337415446,657,0x7a250d5630b4cf539739df2c5dacb4c659f2488d,2025-05-10 16:30:35,0x74d8b81e1ce4d66ec0c63ee212b1cb57180b2da9,WETH,üñ®Ô∏è,0xef26f33fa968c90e87054da1cf30a9f6c046c799eff3fc816c351548235765a1
7.338030759937232e-05,4.11661815237175,0.3051608696275113,0x8c65f83d0b04c41b0ceb8b717ff92cdaa33366ae84c3fb93abce904dcdf2f542-0,0.05859498400423483,337,0x7a250d5630b4cf539739df2c5dacb4c659f2488d,2025-05-10 16:29:11,0x74d8b81e1ce4d66ec0c63ee212b1cb57180b2da9,WETH,üñ®Ô∏è,0x8c65f83d0b04c41b0ceb8b717ff92cdaa33366ae84c3fb93abce904dcdf2f542
0.002014740878318582,10.778623336550549,2.388916397221842,0xea2c28911f75a2a0870d6b5df7ac20df47076251c8016d01448ebe3e9884e0c0-0,0.00022008079875468928,232,0x7a250d5630b4cf539739df2c5dacb4c659f2488d,2025-05-10 16:26:59,0x2b9d5c7f2ead1a221d771fb6bb5e35df04d60ab0,WETH,FLOKI,0xea2c28911f75a2a0870d6b5df7ac20df47076251c8016d01448ebe3e9884e0c0
7.338030759937232e-05,4.117011117090877,0.3051385109322156,0xbdbfdb21413c72358c3e3773f246e154f548c2fa5b00ed14be69f911fb089ead-0,0.05860721839120716,391,0x7a250d5630b4cf539739df2c5dacb4c659f2488d,2025-05-10 16:26:23,0x74d8b81e1ce4d66ec0c63ee212b1cb57180b2da9,WETH,üñ®Ô∏è,0xbdbfdb21413c72358c3e3773f246e154f548c2fa5b00ed14be69f911fb089ead
7.112347066599556e-05,4.088919815413992,0.29697442943103586,0xaf859c2f74ea00fb41fbf6933b6b8cca954d1bf6584a217de979a0f4d7f3db9e-0,0.0569301664684847,842,0x7a250d5630b4cf539739df2c5dacb4c659f2488d,2025-05-10 16:23:23,0x74d8b81e1ce4d66ec0c63ee212b1cb57180b2da9,WETH,üñ®Ô∏è,0xaf859c2f74ea00fb41fbf6933b6b8cca954d1bf6584a217de979a0f4d7f3db9e
1.791759469228055,23.025850930040455,9.415137151966304,0xab4e5e9f94c96b2a4a006ea83142cfa44180476128e8884d52d195b859630247-0,12.317648893313233,99,0x7a250d5630b4cf539739df2c5dacb4c659f2488d,2025-05-10 16:23:11,0xee2ba96f3560560c6eb6c73ab01ccc37bbbfbdd2,WETH,PEPETO,0xab4e5e9f94c96b2a4a006ea83142cfa44180476128e8884d52d195b859630247
0.5247285289349821,20.435583765827964,7.43514439149533,0x48649034cede94ea971f0c8f9afaff7d14efc12ccb5138757a141cf52d23230a-0,10.03230399928397,149,0x7a250d5630b4cf539739df2c5dacb4c659f2488d,2025-05-10 16:23:11,0x42a4ed96aae1d93eeb1d0795cafd07d614d9829b,WETH,WOLF,0x48649034cede94ea971f0c8f9afaff7d14efc12ccb5138757a141cf52d23230a
20.850102459871735,0.6981347220709844,8.508857981683558,0xc3ceecf77daafc967987d9bd2702bb38d4c3541e326e9f5de5689cc31e18b7a1-0,0.5705023247362002,344,0x7a250d5630b4cf539739df2c5dacb4c659f2488d,2025-05-10 16:21:59,0xd0ad916c6fa7559b9816ec421c8221492c605e75,MOOCOW,WETH,0xc3ceecf77daafc967987d9bd2702bb38d4c3541e326e9f5de5689cc31e18b7a1
7.094048366438573e-05,4.116340327499953,0.29631758157782684,0x250ab79fea6f20ea20d787a539789f7cbde83e8ba030b94b75b03f94864f73f6-0,0.05764055483078458,359,0x7a250d5630b4cf539739df2c5dacb4c659f2488d,2025-05-10 16:21:11,0x74d8b81e1ce4d66ec0c63ee212b1cb57180b2da9,WETH,üñ®Ô∏è,0x250ab79fea6f20ea20d787a539789f7cbde83e8ba030b94b75b03f94864f73f6
7.063550525395989e-05,4.11668848825147,0.2952637393311774,0x89ac9318c3891c7d228aa34d07931897f4eba6ebcae732b7947946da7a1ae5a4-0,0.057531470231336784,544,0x7a250d5630b4cf539739df2c5dacb4c659f2488d,2025-05-10 16:18:35,0x74d8b81e1ce4d66ec0c63ee212b1cb57180b2da9,WETH,üñ®Ô∏è,0x89ac9318c3891c7d228aa34d07931897f4eba6ebcae732b7947946da7a1ae5a4
0.4700036292457356,20.500122286882203,7.296177030894495,0x91eb0bf7fca2dfd2e9b52a3afd1d99647ac3b79f24464c61dcd5872cc454984e-0,0.5263959681789818,270,0x7a250d5630b4cf539739df2c5dacb4c659f2488d,2025-05-10 16:17:35,0x05db98583671c13b5d1857e79b989c5e1fc4f91f,WETH,BOPPY,0x91eb0bf7fca2dfd2e9b52a3afd1d99647ac3b79f24464c61dcd5872cc454984e
7.087948798974151e-05,4.116753576521851,0.2939903693999686,0xa512db30d39d5ba51436c0797901c5305f4f9101190b382697cbbfd23abb4bb4-0,0.057629987512576676,450,0x7a250d5630b4cf539739df2c5dacb4c659f2488d,2025-05-10 16:16:11,0x74d8b81e1ce4d66ec0c63ee212b1cb57180b2da9,WETH,üñ®Ô∏è,0xa512db30d39d5ba51436c0797901c5305f4f9101190b382697cbbfd23abb4bb4
7.136745328272209e-05,4.117134191059439,0.2963013076701593,0xd487a6cc21bb586d6ec9a5a0847b094bdfe24939bcb4e43453ca98ff16e53587-0,0.05783294750794244,410,0x7a250d5630b4cf539739df2c5dacb4c659f2488d,2025-05-10 16:13:47,0x74d8b81e1ce4d66ec0c63ee212b1cb57180b2da9,WETH,üñ®Ô∏è,0xd487a6cc21bb586d6ec9a5a0847b094bdfe24939bcb4e43453ca98ff16e53587
0.00014236386578394983,4.80161923994844,0.5235214246749561,0xa8950efa85120bb2b4c470ee9ab97960d4caa0177262616d72825d79599671d2-0,0.11234305062622671,12,0x7a250d5630b4cf539739df2c5dacb4c659f2488d,2025-05-10 16:12:23,0x74d8b81e1ce4d66ec0c63ee212b1cb57180b2da9,WETH,üñ®Ô∏è,0xa8950efa85120bb2b4c470ee9ab97960d4caa0177262616d72825d79599671d2
10.935606116945438,0.0050167907340760804,3.2382837768215187,0xeeb230cf1be0586a289fa46017dce46489d6be6e8a92645f088198ed686456ab-0,0.0005288103095702713,568,0xd9b3b5cfba13ed8ae3edd7ae2e0fe534f2845f0a,2025-05-10 16:11:23,0xd9b3b5cfba13ed8ae3edd7ae2e0fe534f2845f0a,QU3ai,WETH,0xeeb230cf1be0586a289fa46017dce46489d6be6e8a92645f088198ed686456ab
19.837204073478983,0.6931471805599453,7.7996037534807545,0xe3386db6c1576e9e5f10ac9140e02b8700f489767f9f89366bce61763959e2db-0,0.495968223519103,127,0x7a250d5630b4cf539739df2c5dacb4c659f2488d,2025-05-10 16:11:11,0x8fb48d0c43c57759db0e52dcafb7f1ab7847c5ee,QU3ai,WETH,0xe3386db6c1576e9e5f10ac9140e02b8700f489767f9f89366bce61763959e2db
20.16304093428156,0.005149807953892891,3.264941037785582,0x6a50ddfa94821274d6230c362031350022b8091edc1659ece64bcae47a92a910-0,7.4247976759966186,991,0x7a250d5630b4cf539739df2c5dacb4c659f2488d,2025-05-10 16:09:23,0x50e7523d44fa4772c965767fb99d2ba3cade8655,rat,WETH,0x6a50ddfa94821274d6230c362031350022b8091edc1659ece64bcae47a92a910
