amount0In,amount0Out,amount1In,amount1Out,amountUSD,id,transaction_id,transaction_timsstamp
0.11332868530700317,0.0,0.0,20.25154234149148,5.706658534771577,0xfe63741861c8133d8174d721d8e11e271ae34bf92e11ea6f62b3e1be29ef3ab1-0,0xfe63741861c8133d8174d721d8e11e271ae34bf92e11ea6f62b3e1be29ef3ab1,1746907931
6.111467339502679,0.0,0.0,6.736484719088103,6.11200689925108,0xf1158f29d9bfc9f1193649ab245ea88913893c79c06a1fa0a675ba611c95344a-0,0xf1158f29d9bfc9f1193649ab245ea88913893c79c06a1fa0a675ba611c95344a,1746907931
0.0,0.05077367965961131,21.986861292526545,0.0,4.858422720646576,0xefdda4804d5103820086f0f4c11faa6742d6ca2c1fe047d3e28bd9321569f409-0,0xefdda4804d5103820086f0f4c11faa6742d6ca2c1fe047d3e28bd9321569f409,1746907931
14.567484609321369,0.0,0.0,0.08072102197097147,5.339862589249005,0xe60836209049a21ac0ae7f62005190d15bb37683c577f15699d1299e39024735-0,0xe60836209049a21ac0ae7f62005190d15bb37683c577f15699d1299e39024735,1746907931
0.0,0.18928032103904285,20.798306174335774,0.0,6.239548664373167,0xde539ac43773b87570754bf8fb17b472c432201bfa248dfbabebb96417185751-1,0xde539ac43773b87570754bf8fb17b472c432201bfa248dfbabebb96417185751,1746907931
0.0,0.19862446213311988,20.798306174335774,0.0,6.292110314508558,0xde539ac43773b87570754bf8fb17b472c432201bfa248dfbabebb96417185751-0,0xde539ac43773b87570754bf8fb17b472c432201bfa248dfbabebb96417185751,1746907931
0.0,10.247493235008424,0.016857117066422903,0.0,3.7832279143078473,0xd50ef636081b8d87398b8c8641aec8c2abdab83340ff9a7c5117ebf88b193039-1,0xd50ef636081b8d87398b8c8641aec8c2abdab83340ff9a7c5117ebf88b193039,1746907931
0.0,11.628943751819524,5.134030492804475,0.0,5.1345668284940835,0xd50ef636081b8d87398b8c8641aec8c2abdab83340ff9a7c5117ebf88b193039-0,0xd50ef636081b8d87398b8c8641aec8c2abdab83340ff9a7c5117ebf88b193039,1746907931
0.09485779345867701,0.0,0.0,19.25034302578625,5.516328204708833,0xc99707a0ad2a5193011d958d29c52253fec1c0280388caa30da602341c75478c-0,0xc99707a0ad2a5193011d958d29c52253fec1c0280388caa30da602341c75478c,1746907931
0.22214803107270809,0.0,0.0,20.934856761070673,6.441740299354644,0xc1e58d925d235ac721619ef074cf05ca66f15b0dd02523c2f0fda6f5d8389980-0,0xc1e58d925d235ac721619ef074cf05ca66f15b0dd02523c2f0fda6f5d8389980,1746907931
21.291227874966104,0.0,0.0,0.13545285733076382,5.87606250018393,0xba20763443050f153295056f130b711eabef2cf60f26b173139c694f0594a2da-0,0xba20763443050f153295056f130b711eabef2cf60f26b173139c694f0594a2da,1746907931
0.0,0.6222516081985491,7.844240718141811,0.0,7.670778850937623,0xb9713dc26a0110718b3c3abb40a59bf9a48fd90cdcbb6d7838cc8f3283b30a2a-0,0xb9713dc26a0110718b3c3abb40a59bf9a48fd90cdcbb6d7838cc8f3283b30a2a,1746907931
0.003763194314180518,0.0,0.0,2.6072431235329714,2.338373412135038,0xb6963a95a1fb3d0e1d0fbff3c4e6a371e48ed4b44ecec98fd9f45166cd4bf9f4-1,0xb6963a95a1fb3d0e1d0fbff3c4e6a371e48ed4b44ecec98fd9f45166cd4bf9f4,1746907931
0.0,0.003763194314180518,2.3406000795510695,0.0,2.3397314606336694,0xb6963a95a1fb3d0e1d0fbff3c4e6a371e48ed4b44ecec98fd9f45166cd4bf9f4-0,0xb6963a95a1fb3d0e1d0fbff3c4e6a371e48ed4b44ecec98fd9f45166cd4bf9f4,1746907931
0.0,0.000160761388189247,14.020049308301834,0.0,0.33598629106874833,0xb374a4866ef465f7d289c4ea2fb7408b657ff5fd7b46f4b9ee9dbed89faa6646-0,0xb374a4866ef465f7d289c4ea2fb7408b657ff5fd7b46f4b9ee9dbed89faa6646,1746907931
18.43070568523498,0.0,0.0,0.2436032632761691,6.531033195748012,0xb320255dc9d6b635fe6e5c382b2f0f29ae3f883e1e8497674dc77b4e7fa40077-0,0xb320255dc9d6b635fe6e5c382b2f0f29ae3f883e1e8497674dc77b4e7fa40077,1746907931
0.0,11.229139401890242,5.483418182620472,0.0,5.483955455551412,0xa80f7376a7f552d042c1d0e32b957ee9743b4c63b0af0330b581fcf5246b1b70-0,0xa80f7376a7f552d042c1d0e32b957ee9743b4c63b0af0330b581fcf5246b1b70,1746907931
0.4054651081081644,0.0,0.0,20.960263038800814,7.144155267706819,0x6683f0715a151d85931cb2dcd75fa1c83542d63feffceb1054b8b53e1bb28fa4-0,0x6683f0715a151d85931cb2dcd75fa1c83542d63feffceb1054b8b53e1bb28fa4,1746907931
0.0,19.550241878560637,0.019802627296179712,0.0,3.2518184371670804,0x61c8bcb0c29c9678d555d2fad56fe7b3d25784b4d82d98a8b8569d8bf5f95ccd-0,0x61c8bcb0c29c9678d555d2fad56fe7b3d25784b4d82d98a8b8569d8bf5f95ccd,1746907931
0.0,14.915123284287166,0.1123907455790267,0.0,5.701478645548859,0x61937c50fc5225ddf1f15e9f7d85831115bbf7920f05326163d56a1174e85dd8-0,0x61937c50fc5225ddf1f15e9f7d85831115bbf7920f05326163d56a1174e85dd8,1746907931
0.262364264467491,0.0,0.0,20.38524741139026,6.625229496182424,0x5821fe574f364e3158f6e3ffdbbb37b5397404eaa87e926798a584765977adf7-0,0x5821fe574f364e3158f6e3ffdbbb37b5397404eaa87e926798a584765977adf7,1746907931
0.0,25.708386925344215,0.04360515022061007,0.0,4.7166503880905015,0x52eab18b5db99d2474015b1d926a96ee10f2be88e4d5fc6e48803e330d40d3b5-0,0x52eab18b5db99d2474015b1d926a96ee10f2be88e4d5fc6e48803e330d40d3b5,1746907931
0.0,14.567484609321369,0.07781239975340105,0.0,5.31438095300877,0x467dbc76077323f4b4c588b843e2572e1a92fe76642192ffcbf18dafc26b5b72-0,0x467dbc76077323f4b4c588b843e2572e1a92fe76642192ffcbf18dafc26b5b72,1746907931
0.0,16.072996671074005,0.04855204058216561,0.0,4.8248318811858395,0x3b4d87c748495029fc07e07958ada6b6cb22bb2ba62e6af247ecbc8ca720f17e-0,0x3b4d87c748495029fc07e07958ada6b6cb22bb2ba62e6af247ecbc8ca720f17e,1746907931
0.4054651081081644,0.0,0.0,21.649818300865814,7.155134557238412,0x271a45d1ef1bc1ae44a9765c4b948c9d65b173992b34e351480c8d5a96fe62e9-0,0x271a45d1ef1bc1ae44a9765c4b948c9d65b173992b34e351480c8d5a96fe62e9,1746907931
0.0,0.0015635374449880384,4.204692619390966,0.0,1.587647201090158,0xf6d62cdee20b5ce95ee751d688246ac83775452663f33480c31973e749aa21e5-0,0xf6d62cdee20b5ce95ee751d688246ac83775452663f33480c31973e749aa21e5,1746907919
0.0,9.856408675653528,0.8035116825277323,0.0,8.027592659608525,0xec7add0581541164173ff35fdcfbb1b9ec0d7f4947a9cc45cd164adfd2973874-0,0xec7add0581541164173ff35fdcfbb1b9ec0d7f4947a9cc45cd164adfd2973874,1746907919
0.0,5.769936758495891,6.405865561942631,0.0,5.770475830254568,0xe520d8122238f4b3135ea3f65dfc466cd3aa80e7183d87eecb0a475430a4e423-0,0xe520d8122238f4b3135ea3f65dfc466cd3aa80e7183d87eecb0a475430a4e423,1746907919
0.0,13.086476433574214,0.1123907455790267,0.0,5.691842994830114,0xd6864fbd6fc6fc4226e54deff5501a1ed54c7e6b5ffbcbccfbfa0703572b41b2-0,0xd6864fbd6fc6fc4226e54deff5501a1ed54c7e6b5ffbcbccfbfa0703572b41b2,1746907919
0.04099564989013841,0.0,0.0,17.09128454987054,4.652612231234507,0xd1e46ac10c211bda0f05f7220b9935b6ae446181cc1fe4f2f22da870031044ca-0,0xd1e46ac10c211bda0f05f7220b9935b6ae446181cc1fe4f2f22da870031044ca,1746907919
0.0,6.9455701356502395,0.3383361720839357,0.0,6.908733384823313,0xc168c72eb20590d1cad46f88b4558d724eaaa428e4e54f064c2d7df1c52898e2-0,0xc168c72eb20590d1cad46f88b4558d724eaaa428e4e54f064c2d7df1c52898e2,1746907919
11.971923122343123,0.0,0.0,0.8239663416121104,8.06431816501347,0xbfe30b64fc2f6fc95ec9e031bea8418218336b4695f1de286640cd71c5dd8718-0,0xbfe30b64fc2f6fc95ec9e031bea8418218336b4695f1de286640cd71c5dd8718,1746907919
0.0,0.8092717979376578,22.60467769277881,0.0,7.963555146303247,0xa05b6fd52f9c0e8baf9c2aeaa876a101e83d0d183e690e9179249956b33d585b-1,0xa05b6fd52f9c0e8baf9c2aeaa876a101e83d0d183e690e9179249956b33d585b,1746907919
0.0,0.7180105094239184,22.159991871602692,0.0,7.8120653563685085,0xa05b6fd52f9c0e8baf9c2aeaa876a101e83d0d183e690e9179249956b33d585b-0,0xa05b6fd52f9c0e8baf9c2aeaa876a101e83d0d183e690e9179249956b33d585b,1746907919
18.476336686910074,0.0,0.0,0.02290368102719736,4.0696062161075846,0x8adb7b5fa20807446e2e4135d71b933a4a9790b727097990181e21929742b938-0,0x8adb7b5fa20807446e2e4135d71b933a4a9790b727097990181e21929742b938,1746907919
5.113500011348393,0.0,0.0,0.04856542466979125,4.825111559343045,0x876fff69734f69be8c2df8d237c10954e7f0e993a76ac7b28e82da97200acc45-0,0x876fff69734f69be8c2df8d237c10954e7f0e993a76ac7b28e82da97200acc45,1746907919
0.33647223662121295,0.0,0.0,8.509087400845424,6.90223127759525,0x86197eefd19207960e0acfa1e82a2eb0599528b176d5f92d57df132c541c64b2-0,0x86197eefd19207960e0acfa1e82a2eb0599528b176d5f92d57df132c541c64b2,1746907919
0.4961011912605488,0.0,0.0,8.98153350496072,7.375451740499398,0x83cc93ad511deca2f71ccdb865e50de0b0cdee8f042f0ac4af83f51c45f32898-0,0x83cc93ad511deca2f71ccdb865e50de0b0cdee8f042f0ac4af83f51c45f32898,1746907919
11.188178221181435,0.0,0.0,0.2125557691314292,6.378823317138986,0x7110b69013b71aa34deaf02874f5623821b313d75c28856278bfc13dc3a4e222-0,0x7110b69013b71aa34deaf02874f5623821b313d75c28856278bfc13dc3a4e222,1746907919
0.0,0.19331905403923297,16.341291820330575,0.0,6.27420492485546,0x6cb0d3e3876b3ce0cfebd76c8a4ee292f1e81927054830fef24410423975ccb9-0,0x6cb0d3e3876b3ce0cfebd76c8a4ee292f1e81927054830fef24410423975ccb9,1746907919
0.0,4.880281209546454,0.033643563732339475,0.0,4.454149759582177,0x6c7c3b1075ad95992b3f9e99956575085361b7236d22d695ed4a38ef2638a703-1,0x6c7c3b1075ad95992b3f9e99956575085361b7236d22d695ed4a38ef2638a703,1746907919
0.0,0.033643563732339475,12.168220000280293,0.0,4.454149759582177,0x6c7c3b1075ad95992b3f9e99956575085361b7236d22d695ed4a38ef2638a703-0,0x6c7c3b1075ad95992b3f9e99956575085361b7236d22d695ed4a38ef2638a703,1746907919
0.0,20.58959498371718,0.019705071079332417,0.0,3.922512147032309,0x6aa474858df6856f88a25ef79f05c1d8db8bf0bfc714b99abe23fc8e1cb4b186-0,0x6aa474858df6856f88a25ef79f05c1d8db8bf0bfc714b99abe23fc8e1cb4b186,1746907919
0.0,8.847562890018425,0.14736369424337023,0.0,5.979783424514576,0x5b1e422aa83fd271a949ed390e6e3a4b3bb8c1a7f6d63f47ec3106bacb61ea01-0,0x5b1e422aa83fd271a949ed390e6e3a4b3bb8c1a7f6d63f47ec3106bacb61ea01,1746907919
0.4038053566897999,0.0,0.0,21.77262453407064,7.152093319540594,0x58e1f44d05b4205729a8db870de533dbe80eee1a5d72046b98572b47fcde95ed-0,0x58e1f44d05b4205729a8db870de533dbe80eee1a5d72046b98572b47fcde95ed,1746907919
0.0,11.457128594133255,0.1310734533247405,0.0,5.8546417106654705,0x4a3248225c68bf2bda6c48ea77364825b5367be2a057b9152702740da87cfb44-0,0x4a3248225c68bf2bda6c48ea77364825b5367be2a057b9152702740da87cfb44,1746907919
0.0,26.31709684964048,0.1397619423751587,0.0,5.930142114049181,0x23cb4fe19e25ad8cc2f8ca4510ff74750535f8420c391193170a09a8a3b20c68-0,0x23cb4fe19e25ad8cc2f8ca4510ff74750535f8420c391193170a09a8a3b20c68,1746907919
0.0,0.21155784963612417,20.23491471061645,0.0,6.36499107580056,0xe4dcad59168758940460437b35b3a6596937cf7f6d0db1f54874b060c1db891a-0,0xe4dcad59168758940460437b35b3a6596937cf7f6d0db1f54874b060c1db891a,1746907907
0.0,0.05402709399507903,19.098119800385614,0.0,4.9317720942301175,0xe30d1dd374bb854a93d825af4b9e1c36e019f02b521c1bc09980c1b0b4023f38-1,0xe30d1dd374bb854a93d825af4b9e1c36e019f02b521c1bc09980c1b0b4023f38,1746907907
0.0,0.05463943266696342,19.098119800385614,0.0,4.943251490314894,0xe30d1dd374bb854a93d825af4b9e1c36e019f02b521c1bc09980c1b0b4023f38-0,0xe30d1dd374bb854a93d825af4b9e1c36e019f02b521c1bc09980c1b0b4023f38,1746907907
21.381143883866446,0.0,0.0,0.009891619034289806,2.590714698225074,0xe0499c6871be995b51685de0c1b3debfff265297352bcb14f7cb3ed582422282-0,0xe0499c6871be995b51685de0c1b3debfff265297352bcb14f7cb3ed582422282,1746907907
19.98482230063592,0.0,0.0,0.13224024981692103,5.820168148203394,0xd6b791f6db96862c2d7dc9a8afbac3337c97445fcd23f87e885f2d2c50a333fb-0,0xd6b791f6db96862c2d7dc9a8afbac3337c97445fcd23f87e885f2d2c50a333fb,1746907907
23.41427403308417,0.0,0.0,0.04879073373579314,4.808219242899369,0xd1a715273df91b5c3a7eb8cb3ecdec1a45fed0707540e5661cb6c0db695d4302-0,0xd1a715273df91b5c3a7eb8cb3ecdec1a45fed0707540e5661cb6c0db695d4302,1746907907
0.0246926125903715,0.0,0.0,8.597085385304513,4.14302715451875,0xc0db8e910c77e961baae0c4652d1cec5e449c1d00d40677a9b3a07ddbae7842d-0,0xc0db8e910c77e961baae0c4652d1cec5e449c1d00d40677a9b3a07ddbae7842d,1746907907
0.0,18.82864273890916,0.07265708379580875,0.0,5.236929018026248,0xc02eec2b0cc8f52f4ab7f960348ce2933be4188192d19291d66cbc2fe3d91727-0,0xc02eec2b0cc8f52f4ab7f960348ce2933be4188192d19291d66cbc2fe3d91727,1746907907
0.0,0.3062876150168901,6.959882725368154,0.0,6.791996420787665,0xa063a871cf2fa126aa7f39929be4b2b10891516921756de567eb657d7562bc0a-0,0xa063a871cf2fa126aa7f39929be4b2b10891516921756de567eb657d7562bc0a,1746907907
0.014486163355004043,0.0,0.0,11.2922912626048,3.61841694885034,0x9d55c7d75aac4204eb9e064295abd3b18f1e857efe51bd774bba1eb2abb84c9b-0,0x9d55c7d75aac4204eb9e064295abd3b18f1e857efe51bd774bba1eb2abb84c9b,1746907907
0.0,0.32784551981392185,19.31204088586125,0.0,6.865983834949365,0x8faedcee1dea8d8c86da806cd0a68b9ef3817a36f527d208ddd17c70dd11fd81-0,0x8faedcee1dea8d8c86da806cd0a68b9ef3817a36f527d208ddd17c70dd11fd81,1746907907
0.0,3.50405551898128,0.012934353557906243,0.0,3.5051247096051754,0x87de372f576d211d05084aadd1996a428e7ae468caf0767a6a66d29c01737f5c-1,0x87de372f576d211d05084aadd1996a428e7ae468caf0767a6a66d29c01737f5c,1746907907
13.658401953641986,0.0,0.0,0.012934353557906243,3.506237307552784,0x87de372f576d211d05084aadd1996a428e7ae468caf0767a6a66d29c01737f5c-0,0x87de372f576d211d05084aadd1996a428e7ae468caf0767a6a66d29c01737f5c,1746907907
0.0,8.311608963394077,0.010059978307012838,0.0,3.2619644152815233,0x87328ffa4686bed8a12246ef9d752eee9455248f39a094036405ac3eba912703-0,0x87328ffa4686bed8a12246ef9d752eee9455248f39a094036405ac3eba912703,1746907907
0.6887625822421212,0.0,0.0,9.417910550277863,7.808671944827886,0x8424bdec853518b2779cce0ff441c0ea91241c4b5271e96ff781941465714f96-0,0x8424bdec853518b2779cce0ff441c0ea91241c4b5271e96ff781941465714f96,1746907907
8.57778669512156,0.0,0.0,0.4062980944120562,7.127207152181907,0x74cb969253196187a00440136e6bd640a8129e4e5b8f988fc0406e97de2af146-0,0x74cb969253196187a00440136e6bd640a8129e4e5b8f988fc0406e97de2af146,1746907907
8.565423035529035,0.0,0.0,0.1689393250651708,6.127144071423387,0x4e4926d832eb13f334d2f52beadacbf1eeccf21453f50e0345d85f61b4b767e5-1,0x4e4926d832eb13f334d2f52beadacbf1eeccf21453f50e0345d85f61b4b767e5,1746907907
0.0,8.616706800723659,0.1780633504110204,0.0,6.184316144998261,0x4e4926d832eb13f334d2f52beadacbf1eeccf21453f50e0345d85f61b4b767e5-0,0x4e4926d832eb13f334d2f52beadacbf1eeccf21453f50e0345d85f61b4b767e5,1746907907
0.0,13.125987220420631,1.6182830616553028,0.0,9.2149556228159,0x4a0b40f92e4404559299a8b89814b2ff0c527aae4eec1742586f4fb1dbbf3203-1,0x4a0b40f92e4404559299a8b89814b2ff0c527aae4eec1742586f4fb1dbbf3203,1746907907
9.217984084232848,0.0,0.0,1.6182830616553028,9.216270042738282,0x4a0b40f92e4404559299a8b89814b2ff0c527aae4eec1742586f4fb1dbbf3203-0,0x4a0b40f92e4404559299a8b89814b2ff0c527aae4eec1742586f4fb1dbbf3203,1746907907
0.0,22.055088927170658,1.037452323090221,0.0,8.417220043213005,0x42111b69448bf45ade05f14676d2644716be26ff453499493c33c709e308c33e-0,0x42111b69448bf45ade05f14676d2644716be26ff453499493c33c709e308c33e,1746907907
16.705882371415992,0.0,0.0,0.9476447226716936,8.27449773248025,0x3b9a82cccc81235b5691ca7f08eb43e15e16ee5d8b7a86f97c54ec623ecb0140-0,0x3b9a82cccc81235b5691ca7f08eb43e15e16ee5d8b7a86f97c54ec623ecb0140,1746907907
14.575061952503093,0.0,0.0,0.3231727872780497,6.842285495638765,0x3091d4633ac78850d1b2bebb41c7790f6ca1f25cf0f183e3051a889805df9ec2-0,0x3091d4633ac78850d1b2bebb41c7790f6ca1f25cf0f183e3051a889805df9ec2,1746907907
0.18232155679395465,0.0,0.0,10.670064887384928,6.210930988010306,0x195952c5da471c2eef64298ee4658d9fd8b1aa094fc0911605859a8faef96d25-0,0x195952c5da471c2eef64298ee4658d9fd8b1aa094fc0911605859a8faef96d25,1746907907
14.167992465885138,0.0,0.0,0.020818527709335954,3.9746641979330506,0x139dad636db0bb185fe802191640b29624670d5783a59a0072340b79a43ff494-0,0x139dad636db0bb185fe802191640b29624670d5783a59a0072340b79a43ff494,1746907907
0.0,24.520322545133816,0.0185217951454996,0.0,3.8578274110004522,0xf7a43806147ae8b1f9caac15af8db388778e66a0aedded58af4342b6cb352cd7-1,0xf7a43806147ae8b1f9caac15af8db388778e66a0aedded58af4342b6cb352cd7,1746907895
3.861889017732203,0.0,0.0,0.0185217951454996,3.8603111502325853,0xf7a43806147ae8b1f9caac15af8db388778e66a0aedded58af4342b6cb352cd7-0,0xf7a43806147ae8b1f9caac15af8db388778e66a0aedded58af4342b6cb352cd7,1746907895
0.0,19.924649764824775,0.048313860278550634,0.0,4.821506427465359,0xf6360ecc7c76ff5e403978807ff0d1fc044a2e492d23b5f76898e658dae769e9-0,0xf6360ecc7c76ff5e403978807ff0d1fc044a2e492d23b5f76898e658dae769e9,1746907895
0.048790164169432,0.0,0.0,18.66350659587024,4.829875670108494,0xe257d9718078de37648f11a326bbcd92784cc0497e5ff9bc61db308d137a68be-0,0xe257d9718078de37648f11a326bbcd92784cc0497e5ff9bc61db308d137a68be,1746907895
0.0,12.783177318024466,0.08415425512130532,0.0,5.388900023150565,0xd59281f0399bd6053a43e3d9ce10a27829d879d7acb1cde84681db8c3e4ec7ab-0,0xd59281f0399bd6053a43e3d9ce10a27829d879d7acb1cde84681db8c3e4ec7ab,1746907895
0.0,15.108859235586982,0.058651389411383606,0.0,5.026891986129818,0xc690cb82d64b390e96dd7c15718e234ef67d0207a9da55fb8bd19bf771392b5b-0,0xc690cb82d64b390e96dd7c15718e234ef67d0207a9da55fb8bd19bf771392b5b,1746907895
0.0,26.531807023481907,0.09531017980432487,0.0,5.522287965962575,0xbe60fdc13c563cc7a86dfdb8f5c662f74023b11573ddcf7e1d34e1645d487bb8-0,0xbe60fdc13c563cc7a86dfdb8f5c662f74023b11573ddcf7e1d34e1645d487bb8,1746907895
0.0,3.977979216231166,0.5209953494937034,0.0,7.437408890796498,0xb7ce18dedae9f8b9dbc85b61e912e955642d63562e7d37e5fac714d89bc66736-0,0xb7ce18dedae9f8b9dbc85b61e912e955642d63562e7d37e5fac714d89bc66736,1746907895
0.0,0.09666819863206182,26.02309454899954,0.0,5.531061385037709,0xa91cead66e99c85d4726354c8a79eb50603df650ebbba8cca901aa537fa306b9-0,0xa91cead66e99c85d4726354c8a79eb50603df650ebbba8cca901aa537fa306b9,1746907895
0.0,15.40712090403246,0.7920118457842877,0.0,8.006213962859109,0x94fd8044bce534ad0a9638bbd2b66fa81cd68639c4fa8a073a3a9b0cde4cc149-0,0x94fd8044bce534ad0a9638bbd2b66fa81cd68639c4fa8a073a3a9b0cde4cc149,1746907895
0.0,0.5905404319569868,9.215955577161676,0.0,7.600596244226096,0x82ec2a3a312cccb18797e308472510ee66a015e6d86250f59281ee45b1e40618-0,0x82ec2a3a312cccb18797e308472510ee66a015e6d86250f59281ee45b1e40618,1746907895
8.710211977840157,0.0,0.0,16.32652003359458,8.047841642784046,0x810e6081822e670d447c6825b044a55862e1176417dac5c5a89fa3484ce56555-0,0x810e6081822e670d447c6825b044a55862e1176417dac5c5a89fa3484ce56555,1746907895
0.0,2.2381541531549107,0.016715022409016674,0.0,3.757592458101825,0x7b70e196b5e635d343a474d257dc94ff11c109dfac344973b3d73628fe330470-0,0x7b70e196b5e635d343a474d257dc94ff11c109dfac344973b3d73628fe330470,1746907895
0.0,14.13683488473768,0.22314355131420976,0.0,6.439844318807867,0x77a793181cb66e09fdfe0ac2ea8b66e185fbbbeebb4989d44655bb4117fc2be0-0,0x77a793181cb66e09fdfe0ac2ea8b66e185fbbbeebb4989d44655bb4117fc2be0,1746907895
0.0246926125903715,0.0,0.0,24.621563133243985,4.143579205875073,0x76a7ce74061cc4d8ece0d76a480ce852c246354ea434d370aa0513eed1155a37-0,0x76a7ce74061cc4d8ece0d76a480ce852c246354ea434d370aa0513eed1155a37,1746907895
0.0,19.943781441078034,0.09531017980432487,0.0,5.524160311275134,0x6830fffbb7a623b65493b1e8f42d7ab1572d71c5ebefb95fbc8509b9966c73f7-0,0x6830fffbb7a623b65493b1e8f42d7ab1572d71c5ebefb95fbc8509b9966c73f7,1746907895
0.0,9.866756632473829,0.16551443847757338,0.0,6.105441301329879,0x650683c99bc8c0365974178b2695d60be5a0dd3b3341f2635dd15ad218b800ea-0,0x650683c99bc8c0365974178b2695d60be5a0dd3b3341f2635dd15ad218b800ea,1746907895
0.0,12.127948889365971,1.2470544199783786,0.0,1.241029662767431,0x5bc69117f500e3dda010aa1a3b4a25e976acbe5e3bc7a283cfd211cef0c1917b-0,0x5bc69117f500e3dda010aa1a3b4a25e976acbe5e3bc7a283cfd211cef0c1917b,1746907895
16.640686500579516,0.0,0.0,0.0773388373275568,5.283222120139871,0x3fda3ce30b9808683acfd53541961ed801cacf07c531543c4c3a2b3ea73c210e-0,0x3fda3ce30b9808683acfd53541961ed801cacf07c531543c4c3a2b3ea73c210e,1746907895
0.4054651081081644,0.0,0.0,21.01186623672419,7.144234502246801,0x3da873b4a7c197e14e4389bbfc59bc5c881ad66d5150ff4bc4cf0a64987ef5d5-0,0x3da873b4a7c197e14e4389bbfc59bc5c881ad66d5150ff4bc4cf0a64987ef5d5,1746907895
0.0,0.972612929446396,10.684140976100446,0.0,8.31494379657997,0x1982d8724bf6c70e98806d031d769b650592883e232502c5e27f67ee6036b8b2-0,0x1982d8724bf6c70e98806d031d769b650592883e232502c5e27f67ee6036b8b2,1746907895
0.0,2.698567983688239,0.02750167869583704,0.0,4.251671076849697,0x02211d53da0f686fdcd4d3539da1d189b34633cc8d21adf7ce70a207d076a208-0,0x02211d53da0f686fdcd4d3539da1d189b34633cc8d21adf7ce70a207d076a208,1746907895
0.0,0.014413440964577912,8.792172610698328,0.0,3.613038124097094,0xfec0333c5fd3caaab40dc8b38f4035ba8623c64500be8c11be56d640404ae292-0,0xfec0333c5fd3caaab40dc8b38f4035ba8623c64500be8c11be56d640404ae292,1746907883
0.009851316050374183,0.0,0.0,21.23342527008845,2.5869133097543755,0xfae9656457336ce4782c13244ffee7b6d5405cd5ee2aa9f98ce90940decc1b94-0,0xfae9656457336ce4782c13244ffee7b6d5405cd5ee2aa9f98ce90940decc1b94,1746907883
0.0,21.83753741910911,0.0295588022415444,0.0,4.329758902879846,0xfacb72b2ae739a569d27575ad66a9d8b8ed83a2a98e3d164d63e2fd4104efd53-0,0xfacb72b2ae739a569d27575ad66a9d8b8ed83a2a98e3d164d63e2fd4104efd53,1746907883
3.4746852229077794,0.0,0.0,0.34019659270553915,6.914724868710191,0xf7c310e1434708e488127d75327badd30968c88189c2b08d5280c3b9ff9c0f73-0,0xf7c310e1434708e488127d75327badd30968c88189c2b08d5280c3b9ff9c0f73,1746907883
0.0,0.23480331134953222,16.551823731847797,0.0,6.4892585783626275,0xf59c2944980546e481f0302cde4688230df7746483ffd5b78005447f4184b839-0,0xf59c2944980546e481f0302cde4688230df7746483ffd5b78005447f4184b839,1746907883
0.0,22.24105455598856,0.22114154864353666,0.0,5.7308049046634375,0xf2e2e561c5e173c544652ec5f1fbb05bde4a19933f85dd620dcf46fd8b05438f-0,0xf2e2e561c5e173c544652ec5f1fbb05bde4a19933f85dd620dcf46fd8b05438f,1746907883
0.0,32.51101080954911,0.019635946739080756,0.0,3.243163234609275,0xeb2a42630d8c77ef2dfb47701861379b1c959c4a6a75b8b5614aabd678a8f7fb-0,0xeb2a42630d8c77ef2dfb47701861379b1c959c4a6a75b8b5614aabd678a8f7fb,1746907883
0.0,9.98249631963567,0.18232155679395465,0.0,6.210860634088163,0xe92b4bab00521615598e9949ae224ef126c9fe9cde40ac96a15e141a8d46c369-0,0xe92b4bab00521615598e9949ae224ef126c9fe9cde40ac96a15e141a8d46c369,1746907883
18.971520160036423,0.0,0.0,0.058993981019899215,5.0065226374672545,0xe6916b9b1a6a9541e32ac6a7cd592a08418b76f37e1a5f81dbbebe886f9ec550-0,0xe6916b9b1a6a9541e32ac6a7cd592a08418b76f37e1a5f81dbbebe886f9ec550,1746907883
18.417926379671687,0.0,0.0,0.032476142543216874,4.409679751438347,0xe5e5f42190767fac40f1e20e8b753031f82d05ba4c7cf778e9bb1be4d2e731c0-0,0xe5e5f42190767fac40f1e20e8b753031f82d05ba4c7cf778e9bb1be4d2e731c0,1746907883
6.90875477931522,0.0,0.0,0.3262098227565261,6.865411219024066,0xdfed565f8799117eddcae8e9882a43945cd7a69ee4c89b6c94a2782aa0c5ac89-0,0xdfed565f8799117eddcae8e9882a43945cd7a69ee4c89b6c94a2782aa0c5ac89,1746907883
0.0,13.474875805345732,0.13102826240640408,0.0,5.853807265243855,0xc5913c1ee93db4409d99d330ada816b2c7b50f81387ddd9dd0cb298f7101d39f-0,0xc5913c1ee93db4409d99d330ada816b2c7b50f81387ddd9dd0cb298f7101d39f,1746907883
0.0,0.04263056675031708,4.695356881314278,0.0,4.6939503995817615,0xc3588f17dc7e5eadec66640282c704b3e017cd091de4d7ebc784cff34116334e-1,0xc3588f17dc7e5eadec66640282c704b3e017cd091de4d7ebc784cff34116334e,1746907883
0.0,4.695356881314278,5.310551507780369,0.0,4.695447246712802,0xc3588f17dc7e5eadec66640282c704b3e017cd091de4d7ebc784cff34116334e-0,0xc3588f17dc7e5eadec66640282c704b3e017cd091de4d7ebc784cff34116334e,1746907883
0.04401688541677433,0.0,0.0,21.830948223106745,4.724865748178525,0xa7fb2c11877c5d4d363b133c6703c03c96af5c7561bd510298628811b3956b7c-0,0xa7fb2c11877c5d4d363b133c6703c03c96af5c7561bd510298628811b3956b7c,1746907883
0.0,6.743603608369819,0.17805814675702744,0.0,6.183816353196584,0xa30fb908243ce09e67989347b8153b41c1de670a46967cb52c3dff3660710ceb-0,0xa30fb908243ce09e67989347b8153b41c1de670a46967cb52c3dff3660710ceb,1746907883
0.6418538861723948,0.0,0.0,20.165707004141254,7.726633085576263,0x9dc0ecd06061a609297c662f42816f5cd036f463da9cffd4e55cdfd0e8103f15-0,0x9dc0ecd06061a609297c662f42816f5cd036f463da9cffd4e55cdfd0e8103f15,1746907883
20.72326583794641,0.0,0.0,0.199246310843376,6.292817874386076,0x9c170b976bb6260969961cc6de381418d753074bfb659ec36333a0b35d5a813c-0,0x9c170b976bb6260969961cc6de381418d753074bfb659ec36333a0b35d5a813c,1746907883
0.0,23.445425583876872,1.5357070559435202,0.0,9.110406474550274,0x8c3b0f912f5bfa5e0fc1b75ac9a01ddfe9fb59a76c0fee374692be81a5eaffe1-0,0x8c3b0f912f5bfa5e0fc1b75ac9a01ddfe9fb59a76c0fee374692be81a5eaffe1,1746907883
17.80230539790233,0.0,0.0,0.006229906896720724,2.8042337589687083,0x80edb65a0c05149c2f9d6463391ba158cf087632d67dbd620f7aefb158becb80-0,0x80edb65a0c05149c2f9d6463391ba158cf087632d67dbd620f7aefb158becb80,1746907883
0.0,5.423210617010811,0.007959534107911429,0.0,3.0368214160602505,0x7d4d3975c744f23f0d6a96064efa733d946c3bf44ade8944bc2fc0926d801911-0,0x7d4d3975c744f23f0d6a96064efa733d946c3bf44ade8944bc2fc0926d801911,1746907883
0.0422037449404959,0.0,0.0,22.81656580694998,3.9983459620659567,0x7bf785f10adc1a2c6cc4338dd0f2247055319733e21a346d9607ba2ed08b5440-0,0x7bf785f10adc1a2c6cc4338dd0f2247055319733e21a346d9607ba2ed08b5440,1746907883
0.04679457603586061,0.0,0.0,22.853139052043787,4.102076982272511,0x78f3e6000162cfbda85bbc4a12aac65f62a3af05fe5978e899fb6f5f038c5060-0,0x78f3e6000162cfbda85bbc4a12aac65f62a3af05fe5978e899fb6f5f038c5060,1746907883
18.166969867986523,0.0,0.0,0.028258439359444366,4.272060982722715,0x771ab052431bc2a8b0a0182da920b785c8fb1ed2ca9023ed3e554cbef7f5425c-0,0x771ab052431bc2a8b0a0182da920b785c8fb1ed2ca9023ed3e554cbef7f5425c,1746907883
0.31481073984003355,0.0,0.0,7.510995313993093,6.823882851365355,0x7301aee40b34a1d524a37ffd808168fba956be80b443d8cbed80036b9b342c7c-0,0x7301aee40b34a1d524a37ffd808168fba956be80b443d8cbed80036b9b342c7c,1746907883
7.570767276621724,0.0,0.0,0.010611900036113862,3.3148768048981703,0x7157f03a1f028e8974394cc4f4bf574c70e5b40f906021eb8f18e703dcb5260b-0,0x7157f03a1f028e8974394cc4f4bf574c70e5b40f906021eb8f18e703dcb5260b,1746907883
0.09130154037763541,0.0,0.0,22.61134302513983,5.497477024598101,0x70febd8973a2fd3dea164a6c9b08107e4cfe217c2cca9bd8d4cb3eeffdd5cb00-1,0x70febd8973a2fd3dea164a6c9b08107e4cfe217c2cca9bd8d4cb3eeffdd5cb00,1746907883
0.0,0.09130154037763541,14.874134785125966,0.0,5.439930853766393,0x70febd8973a2fd3dea164a6c9b08107e4cfe217c2cca9bd8d4cb3eeffdd5cb00-0,0x70febd8973a2fd3dea164a6c9b08107e4cfe217c2cca9bd8d4cb3eeffdd5cb00,1746907883
0.0,4.461047999530581,0.15856198742169195,0.0,6.058107284913839,0x64434efcdd87cc39fe077e35f392d6b9e7361b4f4adff6abc302203a263d1b91-0,0x64434efcdd87cc39fe077e35f392d6b9e7361b4f4adff6abc302203a263d1b91,1746907883
0.019802627296179712,0.0,0.0,18.05590634441782,3.924501962031986,0x5e13ca08bd613552f89535f12fc2b58fd8b67af64b05a9f2d2ec4074bdce0f25-0,0x5e13ca08bd613552f89535f12fc2b58fd8b67af64b05a9f2d2ec4074bdce0f25,1746907883
0.0,12.596625659536105,0.09531017980432487,0.0,5.525744109975796,0x5340100242766d434e98aa22de96391cc46b9504f739cb6eed32d24464264164-0,0x5340100242766d434e98aa22de96391cc46b9504f739cb6eed32d24464264164,1746907883
0.0,0.11357506432419319,9.004864795252967,0.0,5.703130845726657,0x3d4c995472e7e5fb50495c62fb9c88724e3552611e5e4bd2d3350b196122b56e-0,0x3d4c995472e7e5fb50495c62fb9c88724e3552611e5e4bd2d3350b196122b56e,1746907883
0.05826890812397577,0.0,0.0,10.767815918130303,5.0103273810530835,0x1c442ef93e9382f9e14e37594a120c687bda3fb658cd2c7fa2c6dccc92e23c74-0,0x1c442ef93e9382f9e14e37594a120c687bda3fb658cd2c7fa2c6dccc92e23c74,1746907883
20.123692470753724,0.0,0.0,0.04590385154120228,4.764124150360908,0x188c5a341e6a18605d98ae1666425d5dddbd85b55c2c75f44fe68f9f2d05dd59-0,0x188c5a341e6a18605d98ae1666425d5dddbd85b55c2c75f44fe68f9f2d05dd59,1746907883
0.2158157685735596,0.0,0.0,16.58433364022806,6.395235588796069,0x12bad4260b11b963e399566f4fe1f04cf2380521787e97184699a19adb5bca4b-0,0x12bad4260b11b963e399566f4fe1f04cf2380521787e97184699a19adb5bca4b,1746907883
0.1806534996932576,0.0,0.0,26.69244460024312,6.205350243172025,0xf99c9a14ae07bf73512a1974585fb98e7ad7a30aff33982faa3d293e5a42291e-0,0xf99c9a14ae07bf73512a1974585fb98e7ad7a30aff33982faa3d293e5a42291e,1746907871
0.0,7.228275832910072,5.843472255007454,0.0,5.843563189354968,0xef10d1db7ebd45ca3bc106e453fbf244b7061bbaefa60353683613b7beaceeb7-0,0xef10d1db7ebd45ca3bc106e453fbf244b7061bbaefa60353683613b7beaceeb7,1746907871
0.03203355211728992,0.0,0.0,22.853139052043787,3.7234352475259116,0xe864aa9c8e7b7971bf05423b333e5a5b6831a5f8c9e63bcfe75adfe5e5ddc58b-0,0xe864aa9c8e7b7971bf05423b333e5a5b6831a5f8c9e63bcfe75adfe5e5ddc58b,1746907871
0.030253339294481752,0.0,0.0,22.853139052043787,3.6668062022780163,0xe6dab42dece01487478cf747d96a2da413ea84061545a08ce7a6763f4686204d-0,0xe6dab42dece01487478cf747d96a2da413ea84061545a08ce7a6763f4686204d,1746907871
19.568688247361912,0.0,0.0,0.11964173972245887,5.724076648070821,0xe1c744bc253a3d923445614388bd16ac93c1e1c44377402f9cb1926c075077ec-0,0xe1c744bc253a3d923445614388bd16ac93c1e1c44377402f9cb1926c075077ec,1746907871
0.030996183136356704,0.0,0.0,18.525226389041435,4.371538680735413,0xdb9987e224ef20f5884b7a751cd373429d94eed2fa4aedf1d7e1e07a80b64ce3-0,0xdb9987e224ef20f5884b7a751cd373429d94eed2fa4aedf1d7e1e07a80b64ce3,1746907871
0.0,12.486798870364641,0.045928931888399804,0.0,4.768172076783243,0xda1737c4efb161bf3da40c8d253412a28c5acd9919ad8596c0f66a566aeed7ac-0,0xda1737c4efb161bf3da40c8d253412a28c5acd9919ad8596c0f66a566aeed7ac,1746907871
27.581637939812964,0.0,0.0,0.25443614124667,6.565979902289205,0xca774e879b6d15f5969471191cfc93850d11f5c497634d6a04eee9c9d86fcabd-0,0xca774e879b6d15f5969471191cfc93850d11f5c497634d6a04eee9c9d86fcabd,1746907871
0.04097808172105219,0.0,0.0,22.853139052043787,3.968817492085244,0xc4bb8aa328b66e623aba27963a90a54d97388fb885cb7259764ab24af26aadba-0,0xc4bb8aa328b66e623aba27963a90a54d97388fb885cb7259764ab24af26aadba,1746907871
0.03397464199723825,0.0,0.0,22.853139052043787,3.781838678807198,0xc2ff1ab2520d871c15ad25abd45a554e65f1366b54f26d2cd9f6cfc7e39cf048-0,0xc2ff1ab2520d871c15ad25abd45a554e65f1366b54f26d2cd9f6cfc7e39cf048,1746907871
0.028616786514264938,0.0,0.0,22.853139052043787,3.6118535805864194,0xc1ddeefb756ff390ee0e19cea8cd4d0c9b5d5c1dc1a169c14c765669869f3be0-0,0xc1ddeefb756ff390ee0e19cea8cd4d0c9b5d5c1dc1a169c14c765669869f3be0,1746907871
18.826145858727198,0.0,0.0,0.0720630943787976,5.228457939584568,0xb1c6463ea2878af2e695024cb93e57e1c96ad9f63a35f61f3661df5854909041-0,0xb1c6463ea2878af2e695024cb93e57e1c96ad9f63a35f61f3661df5854909041,1746907871
0.032013292407079,0.0,0.0,19.330260926203902,4.403798520370183,0xaf2beb7c274e4d6df24ad4d95dacb93c81f89ead447260d7b4344ea88d19e1f0-0,0xaf2beb7c274e4d6df24ad4d95dacb93c81f89ead447260d7b4344ea88d19e1f0,1746907871
0.036096468155026984,0.0,0.0,22.853139052043787,3.8421234915262725,0xadd0465584b98ec6106096bfea70551fbab6207f7e412b2695ca64dbe1d7cdfb-0,0xadd0465584b98ec6106096bfea70551fbab6207f7e412b2695ca64dbe1d7cdfb,1746907871
0.0,12.097561046428716,0.3379546476580268,0.0,6.915123044392013,0xa46e92398fe8629e74247ba04022fc7ecf587a9deeedc3f80a4b80f9e6fe15b4-0,0xa46e92398fe8629e74247ba04022fc7ecf587a9deeedc3f80a4b80f9e6fe15b4,1746907871
16.192010018657623,0.0,0.0,0.18948661822475027,6.250399179390759,0xa4516b901fc07e97840cbcc7313dd710c8b8b6a0f44f4561259d338311793356-0,0xa4516b901fc07e97840cbcc7313dd710c8b8b6a0f44f4561259d338311793356,1746907871
0.0,11.799807226682756,0.0002853899613236649,0.0,0.5350550609134926,0xa21770d2fc0c6c7ddff7975baa7ddca6f11bb75fd4c07bf1e691bf83366646b7-0,0xa21770d2fc0c6c7ddff7975baa7ddca6f11bb75fd4c07bf1e691bf83366646b7,1746907871
0.0,19.11632480969843,0.021591919004708398,0.0,4.010826403007682,0x778f8aa7c64d9283d644b836271f59af6dd7a6355492d1f436a353c6cf0fa326-0,0x778f8aa7c64d9283d644b836271f59af6dd7a6355492d1f436a353c6cf0fa326,1746907871
0.0,0.1858128267798154,16.425369070711763,0.0,6.230346932537827,0x7607ee23b3f2a6b2bcbbab9a10e75235b5f775aabd0408f2401dd24391682d8f-0,0x7607ee23b3f2a6b2bcbbab9a10e75235b5f775aabd0408f2401dd24391682d8f,1746907871
0.5201247829141838,0.0,0.0,7.59890925189259,7.43525992617452,0x6ff073cdc9518378499c11be058354934f1d9e26a7f71a7c978b8b744811e70a-0,0x6ff073cdc9518378499c11be058354934f1d9e26a7f71a7c978b8b744811e70a,1746907871
17.336206048888094,0.0,0.0,0.08795032602810408,5.434733327930203,0x6c4ef119331ed964f706430ac86dd87cebc44923e65d054d8125e94e546f13a7-0,0x6c4ef119331ed964f706430ac86dd87cebc44923e65d054d8125e94e546f13a7,1746907871
0.048790164169432,0.0,0.0,18.97942247980391,4.830413731025592,0x69f57f1bcd2936143bb907b33254a9dbc639d9ef0d992c7e38486022025bc084-0,0x69f57f1bcd2936143bb907b33254a9dbc639d9ef0d992c7e38486022025bc084,1746907871
0.0,0.5343840415849118,9.834441595778642,0.0,7.470039020953915,0x60d80b2cbb3af910e4974dc9997668f28a3732bdfb9d38969bf889f9ff209a70-0,0x60d80b2cbb3af910e4974dc9997668f28a3732bdfb9d38969bf889f9ff209a70,1746907871
0.027108909890971197,0.0,0.0,22.853139052043787,3.5584874613044133,0x5b32ec836900e951d1a2daa8a440b195dcd7530a1ac7403c4ff727b0539c4bb0-0,0x5b32ec836900e951d1a2daa8a440b195dcd7530a1ac7403c4ff727b0539c4bb0,1746907871
26.485987697115007,0.0,0.0,0.09613590717257582,5.523800567888554,0x577441fc3aecb9bfa706dc32555d20a0f66f543a32910c4c8c471e8ab5fafc42-0,0x577441fc3aecb9bfa706dc32555d20a0f66f543a32910c4c8c471e8ab5fafc42,1746907871
17.875691863999705,0.0,0.0,0.025121497471912065,4.156100123737367,0x54cf397925f0cd5872d99eab8e765345245d20375ac191856ce9c09fb1e0bfd6-0,0x54cf397925f0cd5872d99eab8e765345245d20375ac191856ce9c09fb1e0bfd6,1746907871
10.971951182937685,0.0,0.0,0.43161973017523686,7.195275185856728,0x4975a84c723bcecbee6b43f24986274efd4a24d44194e051c6bc51095f06049b-0,0x4975a84c723bcecbee6b43f24986274efd4a24d44194e051c6bc51095f06049b,1746907871
0.03842203067505664,0.0,0.0,22.853139052043787,3.9044068633088713,0x48d4f8e44f0361b0880c44beb241ef8ad5337ce88a765f82984e0f2b45b95cad-0,0x48d4f8e44f0361b0880c44beb241ef8ad5337ce88a765f82984e0f2b45b95cad,1746907871
0.0,14.327815394289564,0.34305133637550717,0.0,6.924580045692683,0x46b5a0e6fef787ad82ff094ebfd00846a4c7b9104c2ffdd115cdb1b84302c288-0,0x46b5a0e6fef787ad82ff094ebfd00846a4c7b9104c2ffdd115cdb1b84302c288,1746907871
0.0,0.002634084808859723,19.079539495685953,0.0,2.0220215200223617,0x399aa43d7a1d48c35117aa8412eea92e99acca88f73354ed4bbf4eabc6564de8-0,0x399aa43d7a1d48c35117aa8412eea92e99acca88f73354ed4bbf4eabc6564de8,1746907871
9.84435610163846,0.0,0.0,0.12820430156292106,5.8306442696338285,0x2d7f4de89886ed002d31701a369dfdd07d52864c3f3075a0321509043ff8e6dd-0,0x2d7f4de89886ed002d31701a369dfdd07d52864c3f3075a0321509043ff8e6dd,1746907871
0.011091596434771957,0.0,0.0,3.51170601182668,3.356509150277515,0x2b2cff1a39f15d01642f5edea58c0fa6185a2f8f7ad3b7838de27fe6d8ebabe4-0,0x2b2cff1a39f15d01642f5edea58c0fa6185a2f8f7ad3b7838de27fe6d8ebabe4,1746907871
0.0,18.28857692869657,0.019802627296179712,0.0,3.9248681296351986,0x02009e882500ed459f65624bac99e4508eb6943f276abcd7bcdb7279036406e8-0,0x02009e882500ed459f65624bac99e4508eb6943f276abcd7bcdb7279036406e8,1746907871
21.515040076936486,0.0,0.0,0.09180481574341132,5.4703055856506815,0xeb9af83961ac6eab0671708ca79278968ec427b8e28f1b53fbef71ad1ac5faa3-0,0xeb9af83961ac6eab0671708ca79278968ec427b8e28f1b53fbef71ad1ac5faa3,1746907859
0.0,12.634122441020594,5.057486277682486,0.0,5.057352315180078,0xe4bb678893e3fce329cd290671d2ef950050a9dbf4db0c13ca4ff633dfa09d3a-1,0xe4bb678893e3fce329cd290671d2ef950050a9dbf4db0c13ca4ff633dfa09d3a,1746907859
5.060171211868364,0.0,0.0,5.057486277682486,5.058963525062198,0xe4bb678893e3fce329cd290671d2ef950050a9dbf4db0c13ca4ff633dfa09d3a-0,0xe4bb678893e3fce329cd290671d2ef950050a9dbf4db0c13ca4ff633dfa09d3a,1746907859
18.712322749837885,0.0,0.0,0.01436591738977474,3.6092447937726737,0xdd8a27b33261777ec90ee69cae4b8a79539bf7578c1c7cad33c802fc0f5ad2b5-0,0xdd8a27b33261777ec90ee69cae4b8a79539bf7578c1c7cad33c802fc0f5ad2b5,1746907859
20.70445499988227,0.0,0.0,0.045430722560063135,4.072350026112267,0xd46d66854963c3576c203c9772c0f0591816893fd8be83cb97bba04711b4bdfb-0,0xd46d66854963c3576c203c9772c0f0591816893fd8be83cb97bba04711b4bdfb,1746907859
0.04114194333117518,0.0,0.0,6.003995894118421,4.656537477815953,0xd3d88f006b38202d66629cbf6178db21f015892d642d0ebfb63c1649831e1a62-0,0xd3d88f006b38202d66629cbf6178db21f015892d642d0ebfb63c1649831e1a62,1746907859
0.10436001532424277,0.0,0.0,19.54874023443484,5.616657015307911,0xbdc3d803879f4114931c08119f710bb168014b8adce3a92086c2eabc2c1981e4-0,0xbdc3d803879f4114931c08119f710bb168014b8adce3a92086c2eabc2c1981e4,1746907859
0.15924320706167283,0.0,0.0,16.11744981682351,6.062759471304421,0xb14ab51f868b01184717881e1ed4a3f59f881b5b7624365d39534406b0ce373c-0,0xb14ab51f868b01184717881e1ed4a3f59f881b5b7624365d39534406b0ce373c,1746907859
11.579166127030758,0.0,0.0,0.018636846057356767,3.8657532136287474,0x861b45f8596080d80c6b67c51022e20f8c8345f1e8bf973d20f2092a50cab7e9-0,0x861b45f8596080d80c6b67c51022e20f8c8345f1e8bf973d20f2092a50cab7e9,1746907859
0.0,9.941794440576418,0.29699200922566577,0.0,6.756329650689946,0x84c0de8eb8a5339bcbe29d8023a42b35804e46c69243b47f0fb90cd0944c418a-0,0x84c0de8eb8a5339bcbe29d8023a42b35804e46c69243b47f0fb90cd0944c418a,1746907859
0.0,0.2538383668318547,16.637335741458823,0.0,6.57701134756825,0x838b5b61a1197184229a3f6f77dfdc2eb6cabe7af1d2d086b2b0f000b17bcf43-0,0x838b5b61a1197184229a3f6f77dfdc2eb6cabe7af1d2d086b2b0f000b17bcf43,1746907859
18.326370075470134,0.0,0.0,0.02864257146343674,4.292339977336875,0x7b98bccc8da8d20c1e23c316e2ff397bdc55bc204bc5572096f4766af71c0bc3-0,0x7b98bccc8da8d20c1e23c316e2ff397bdc55bc204bc5572096f4766af71c0bc3,1746907859
0.0,14.102754987859145,0.21275689145273166,0.0,6.386520042611581,0x71a7e878fcd4d0a156c20ef1126675dd5191802e052186f04402d88c6e460a6b-0,0x71a7e878fcd4d0a156c20ef1126675dd5191802e052186f04402d88c6e460a6b,1746907859
0.18232155679395465,0.0,0.0,23.50179566636819,6.259788111589468,0x6dab0940f037182e9158e3e571b95d5f7a5e90d762ed0b0c8b95287512d391e5-0,0x6dab0940f037182e9158e3e571b95d5f7a5e90d762ed0b0c8b95287512d391e5,1746907859
0.0,6.5244104691182345,0.2428907791674348,0.0,6.525783860093723,0x68e07cfc3b46b72ae5b6cd2064b54ff98593cef09eb70c76a46aa18aaa58febc-1,0x68e07cfc3b46b72ae5b6cd2064b54ff98593cef09eb70c76a46aa18aaa58febc,1746907859
7.273092595999522,0.0,0.0,0.2428907791674348,6.527301395808989,0x68e07cfc3b46b72ae5b6cd2064b54ff98593cef09eb70c76a46aa18aaa58febc-0,0x68e07cfc3b46b72ae5b6cd2064b54ff98593cef09eb70c76a46aa18aaa58febc,1746907859
0.00986616889580832,0.0,0.0,12.48591168943646,3.2425954697096047,0x67c0c13f01e548701110fc927a7a8725dd3ec105c18ab024f6db3ab969b3de9a-0,0x67c0c13f01e548701110fc927a7a8725dd3ec105c18ab024f6db3ab969b3de9a,1746907859
0.048790164169432,0.0,0.0,7.649388169274251,4.828379653172832,0x66e7bb5febb1d6682c1772259088c653daeada4ef8b2fa46171cf914549aba13-0,0x66e7bb5febb1d6682c1772259088c653daeada4ef8b2fa46171cf914549aba13,1746907859
0.0,17.6594580777087,0.042606232284092244,0.0,4.691203536847829,0x5a2b34abb24e23d3f633c3d4c49a2f0c276e43f6da3b46c2ffb1ee1c89f85ef9-1,0x5a2b34abb24e23d3f633c3d4c49a2f0c276e43f6da3b46c2ffb1ee1c89f85ef9,1746907859
4.695020432903956,0.0,0.0,0.042606232284092244,4.693401459806941,0x5a2b34abb24e23d3f633c3d4c49a2f0c276e43f6da3b46c2ffb1ee1c89f85ef9-0,0x5a2b34abb24e23d3f633c3d4c49a2f0c276e43f6da3b46c2ffb1ee1c89f85ef9,1746907859
14.102754975270724,0.0,0.0,0.21434344722315307,6.380591421673911,0x59e195bbaf7c2e95517a7c9e810f0f687dec9c3501a95f6010d3c75e374b3c6f-0,0x59e195bbaf7c2e95517a7c9e810f0f687dec9c3501a95f6010d3c75e374b3c6f,1746907859
0.0,20.15500845080642,0.05937947960554098,0.0,5.032706227587105,0x547598523c672186cbeab1b2a5d00ace27bed86fccaf92c32b9c8b0bc658c96b-1,0x547598523c672186cbeab1b2a5d00ace27bed86fccaf92c32b9c8b0bc658c96b,1746907859
0.0,0.05937947960554098,18.97217791956064,0.0,5.028549925448997,0x547598523c672186cbeab1b2a5d00ace27bed86fccaf92c32b9c8b0bc658c96b-0,0x547598523c672186cbeab1b2a5d00ace27bed86fccaf92c32b9c8b0bc658c96b,1746907859
0.0,13.215224195964812,0.09531017980432487,0.0,5.520574967396978,0x43fdcf33029107e2e7ea95636f79f6bb7cb9270bfc6da0799eb0a0dd73b988d4-0,0x43fdcf33029107e2e7ea95636f79f6bb7cb9270bfc6da0799eb0a0dd73b988d4,1746907859
0.0,0.30920197213913386,20.94056139282788,0.0,6.786123074701122,0x406f807719b5872f3c2a83220d669fde34b56620511cf06c0792647af7ab4d54-1,0x406f807719b5872f3c2a83220d669fde34b56620511cf06c0792647af7ab4d54,1746907859
0.0,0.3298555702373764,20.94056139282788,0.0,6.860874999914555,0x406f807719b5872f3c2a83220d669fde34b56620511cf06c0792647af7ab4d54-0,0x406f807719b5872f3c2a83220d669fde34b56620511cf06c0792647af7ab4d54,1746907859
0.0,16.247329879473295,0.04492079587295518,0.0,4.75683298057094,0x3c32e883469535ae3599b7faa89283a3acd9bdd19025bb46f8083292099d13c2-0,0x3c32e883469535ae3599b7faa89283a3acd9bdd19025bb46f8083292099d13c2,1746907859
0.0,10.09097306193637,0.6887625822421212,0.0,7.8086961991360795,0x3b961318866263b91fa989826d601fd8944973d92a9ddcc5cc95ea2a73759f0a-0,0x3b961318866263b91fa989826d601fd8944973d92a9ddcc5cc95ea2a73759f0a,1746907859
0.0,0.08750273901300754,22.77838704856039,0.0,5.407496721546179,0x358b9437ced7119ba4359ed878e1f6b20f922e28335400d45a96534a13ba6eb5-0,0x358b9437ced7119ba4359ed878e1f6b20f922e28335400d45a96534a13ba6eb5,1746907859
0.0,14.582331496801466,0.013725069194434798,0.0,3.5641169647570283,0x2c903650b75692ddc699f5b80c36019c69c7013905b35e152156f17f8925ffcd-0,0x2c903650b75692ddc699f5b80c36019c69c7013905b35e152156f17f8925ffcd,1746907859
0.0,0.08295887404036238,19.385801871567605,0.0,5.371431311990044,0x096d59f5baabf1033a3adf96e53c32ec41d976d3897abb0675631d676c1ae435-1,0x096d59f5baabf1033a3adf96e53c32ec41d976d3897abb0675631d676c1ae435,1746907859
0.0,0.08429974693007239,19.385801871567605,0.0,5.388033161419531,0x096d59f5baabf1033a3adf96e53c32ec41d976d3897abb0675631d676c1ae435-0,0x096d59f5baabf1033a3adf96e53c32ec41d976d3897abb0675631d676c1ae435,1746907859
0.0,26.223739611623536,0.07536905135796883,0.0,5.277285165321911,0xfe6f95e46f2e66fec5ebd0c131bdd40dd4c6f8c6dfeed9768be2a7e44c8687cb-1,0xfe6f95e46f2e66fec5ebd0c131bdd40dd4c6f8c6dfeed9768be2a7e44c8687cb,1746907847
12.413247499823923,0.0,0.0,0.07536905135796883,5.27436764853401,0xfe6f95e46f2e66fec5ebd0c131bdd40dd4c6f8c6dfeed9768be2a7e44c8687cb-0,0xfe6f95e46f2e66fec5ebd0c131bdd40dd4c6f8c6dfeed9768be2a7e44c8687cb,1746907847
4.909630211937998,0.0,0.0,0.006332124751053123,2.8196031864504203,0xf95638e889cc8a5bad53814db38a0ebbfdd04aa608ae72b7b01b5d3605ed5d33-0,0xf95638e889cc8a5bad53814db38a0ebbfdd04aa608ae72b7b01b5d3605ed5d33,1746907847
0.0,9.052198671298294,0.08621166729456874,0.0,5.414002915200292,0xf7ee6e183092a2c24a71b0829a3eafc486a857a9efca9eaea2cd01417ce2224e-0,0xf7ee6e183092a2c24a71b0829a3eafc486a857a9efca9eaea2cd01417ce2224e,1746907847
19.542860207716867,0.0,0.0,0.06782633473060325,5.162697153051288,0xf043a5e01d298da336a6fa600aeedc39b744d2b20a172c89ffa0f5e36e525e31-0,0xf043a5e01d298da336a6fa600aeedc39b744d2b20a172c89ffa0f5e36e525e31,1746907847
0.10577661609453806,0.0,0.0,23.85299965191147,5.627605769394412,0xe9262cd0fddd5527666f6bf81ad640310af158864cf0d727d7c90b129a02f37c-0,0xe9262cd0fddd5527666f6bf81ad640310af158864cf0d727d7c90b129a02f37c,1746907847
